id,session_id,employee_id,overall_severity,confidence_score,detections,first_detected_at,last_updated_at,reviewed,reviewed_by,reviewed_at,review_decision,created_at
07f2a2f3-ac91-4a57-8418-6f81883c3214,558af15d-e36f-4a97-ac39-80dcfd0cd293,7655942d-098c-472a-a03d-bb2d96e0450d,CRITICAL,0.99,"{""long_idle"":{""severity"":""MEDIUM"",""last_seen"":""2026-04-18T05:00:04.133787+00:00"",""confidence"":0.7976,""timestamps"":[""2026-04-18T10:26:24.999983"",""2026-04-18T10:29:05.309369""],""occurrences"":2},""minimal_activity"":{""severity"":""HIGH"",""last_seen"":""2026-04-18T05:00:06.975576+00:00"",""confidence"":0.9092,""timestamps"":[""2026-04-18T10:29:23.511280"",""2026-04-18T10:29:53.947561""],""occurrences"":2},""suspicious_paste"":{""severity"":""CRITICAL"",""last_seen"":""2026-04-18T05:00:01.189498+00:00"",""confidence"":0.99,""timestamps"":[""2026-04-18T10:24:46.081437"",""2026-04-18T10:24:46.577015""],""occurrences"":2}}",2026-04-18 04:54:50.034435+00,2026-04-18 05:00:06.975576+00,false,,,,2026-04-18 04:54:50.497881+00
0ddb2567-a62d-4d27-a2da-47316d92245a,1947cb4f-414c-4b94-8bf8-b7de9cf2ebf2,078b8628-dcb3-4bbf-9a64-ce01557013a5,CRITICAL,1.00,"{""rapid_paste"":{""severity"":""CRITICAL"",""last_seen"":""2026-04-17T05:44:54.740036+00:00"",""confidence"":0.8,""timestamps"":[""2026-04-17T11:14:22.513276"",""2026-04-17T11:14:22.906427"",""2026-04-17T11:14:23.169260"",""2026-04-17T11:14:23.386429"",""2026-04-17T11:14:23.558142"",""2026-04-17T11:14:24.478267"",""2026-04-17T11:14:24.657650"",""2026-04-17T11:14:24.828446"",""2026-04-17T11:14:25.007129"",""2026-04-17T11:14:25.186202""],""occurrences"":10},""paste_heavy_work"":{""severity"":""CRITICAL"",""last_seen"":""2026-04-17T05:44:57.359499+00:00"",""confidence"":1,""timestamps"":[""2026-04-17T11:15:08.129241""],""occurrences"":1}}",2026-04-17 05:44:19.198251+00,2026-04-17 05:44:57.359499+00,false,,,,2026-04-17 05:44:19.665595+00
1d51bca6-bfec-4970-a050-1e57921141f3,fe57bc10-fd21-5b8f-b179-8a93c2380dfb,e1000000-0000-0000-0000-000000000001,HIGH,0.78,"{""rapid_paste"":{""severity"":""HIGH"",""confidence"":0.8,""occurrences"":3},""burst_then_idle"":{""severity"":""MEDIUM"",""confidence"":0.7,""occurrences"":2}}",2026-03-09 19:35:13.182368+00,2026-03-09 23:20:00+00,true,a1000000-0000-0000-0000-000000000001,2026-03-11 07:35:13.182368+00,dismissed,2026-03-18 07:35:13.182368+00
1e1eb5c3-44fc-4aaf-90dd-1e5fb1a9ca2b,40e3f459-2ebf-423f-b275-f3e6fc5e93b1,60981727-cff3-4f24-865f-0917898bb71e,CRITICAL,0.95,"{""rapid_paste"":{""severity"":""MEDIUM"",""last_seen"":""2026-04-14T11:43:26.487159+00:00"",""confidence"":0.8,""timestamps"":[""2026-04-14T17:13:08.855434"",""2026-04-14T17:13:09.849975""],""occurrences"":2},""keyboard_sitting"":{""severity"":""CRITICAL"",""last_seen"":""2026-04-14T11:43:25.190642+00:00"",""confidence"":0.95,""timestamps"":[""2026-04-14T17:06:43.623874"",""2026-04-14T17:06:43.654380"",""2026-04-14T17:06:51.856082"",""2026-04-14T17:06:54.004216"",""2026-04-14T17:06:58.748030"",""2026-04-14T17:06:58.959983"",""2026-04-14T17:06:59.135761""],""occurrences"":7},""suspicious_paste"":{""severity"":""CRITICAL"",""last_seen"":""2026-04-14T12:06:54.904760+00:00"",""confidence"":0.95,""timestamps"":[""2026-04-14T17:25:03.254977""],""occurrences"":1}}",2026-04-14 11:37:12.654141+00,2026-04-14 12:06:54.90476+00,false,,,,2026-04-14 11:36:35.900444+00
1e2721ef-a5e2-4bfb-ab2f-d3d6b1b34ab1,ab585872-f305-441e-a0e4-1f10227bdf7a,7655942d-098c-472a-a03d-bb2d96e0450d,CRITICAL,1.00,"{""long_idle"":{""severity"":""CRITICAL"",""last_seen"":""2026-04-18T04:29:20.107703+00:00"",""confidence"":1,""timestamps"":[""2026-04-18T09:59:47.923416"",""2026-04-18T09:59:48.718522""],""occurrences"":2},""minimal_activity"":{""severity"":""CRITICAL"",""last_seen"":""2026-04-18T04:29:23.122328+00:00"",""confidence"":1,""timestamps"":[""2026-04-18T09:59:47.925469""],""occurrences"":1},""clock_in_clock_out"":{""severity"":""CRITICAL"",""last_seen"":""2026-04-18T04:29:25.316500+00:00"",""confidence"":1,""timestamps"":[""2026-04-18T09:59:47.929851""],""occurrences"":1}}",2026-04-18 04:29:20.107703+00,2026-04-18 04:29:25.3165+00,false,,,,2026-04-18 04:29:20.59431+00
2d5868a1-ff4c-4528-8665-efa6d531adeb,012483d2-16b2-42cc-92a2-4a0841f37a1f,60981727-cff3-4f24-865f-0917898bb71e,CRITICAL,1.00,"{""long_idle"":{""severity"":""CRITICAL"",""last_seen"":""2026-04-14T17:36:44.220829+00:00"",""confidence"":1,""timestamps"":[""2026-04-14T22:48:51.714092""],""occurrences"":1},""rapid_paste"":{""severity"":""MEDIUM"",""last_seen"":""2026-04-14T17:36:42.907872+00:00"",""confidence"":0.8,""timestamps"":[""2026-04-14T22:43:01.465540""],""occurrences"":1},""keyboard_sitting"":{""severity"":""CRITICAL"",""last_seen"":""2026-04-14T17:36:41.586701+00:00"",""confidence"":0.95,""timestamps"":[""2026-04-14T22:37:53.661682"",""2026-04-14T22:38:07.145642"",""2026-04-14T22:43:26.308145"",""2026-04-14T22:43:41.407551""],""occurrences"":4},""suspicious_paste"":{""severity"":""CRITICAL"",""last_seen"":""2026-04-14T17:36:40.247331+00:00"",""confidence"":0.99,""timestamps"":[""2026-04-14T22:37:20.940441"",""2026-04-14T22:37:31.260193"",""2026-04-14T22:37:34.466566"",""2026-04-14T22:37:44.425276"",""2026-04-14T22:42:58.352135"",""2026-04-14T22:43:00.757590"",""2026-04-14T22:43:01.457518"",""2026-04-14T22:43:17.627048"",""2026-04-14T23:01:45.279403""],""occurrences"":9}}",2026-04-14 17:08:17.90513+00,2026-04-14 17:36:44.220829+00,false,,,,2026-04-14 17:07:40.740193+00
42658abe-a7dc-463d-8a6c-46cda49af249,5de913ba-ed6d-5dca-b508-fdc1d6ccf4ca,e1000000-0000-0000-0000-000000000009,CRITICAL,0.83,"{""rapid_paste"":{""severity"":""HIGH"",""confidence"":0.85,""occurrences"":4},""suspicious_paste"":{""severity"":""CRITICAL"",""confidence"":0.96,""occurrences"":5}}",2026-03-05 18:35:13.182368+00,2026-03-05 23:30:00+00,true,a1000000-0000-0000-0000-000000000002,2026-03-07 07:35:13.182368+00,escalated,2026-03-18 07:35:13.182368+00
4375674f-5ca0-4b26-a9ad-93b692b82519,4b51c55d-bb0a-48b0-883a-1c927c283ce3,a1000000-0000-0000-0000-000000000001,CRITICAL,1.00,"{""long_idle"":{""severity"":""CRITICAL"",""last_seen"":""2026-03-18T16:57:01.411087+00:00"",""confidence"":1,""timestamps"":[""2026-03-18T22:14:42.575283"",""2026-03-18T22:20:05.433498"",""2026-03-18T22:26:28.958678""],""occurrences"":3},""rapid_paste"":{""severity"":""CRITICAL"",""last_seen"":""2026-03-18T16:57:03.681555+00:00"",""confidence"":0.8,""timestamps"":[""2026-03-18T22:17:50.422417"",""2026-03-18T22:17:53.881033"",""2026-03-18T22:17:54.064281"",""2026-03-18T22:17:54.256811"",""2026-03-18T22:17:54.425540"",""2026-03-18T22:17:54.602258"",""2026-03-18T22:17:54.766627"",""2026-03-18T22:17:54.939539"",""2026-03-18T22:17:55.124624"",""2026-03-18T22:17:55.296558"",""2026-03-18T22:17:55.501388"",""2026-03-18T22:17:55.652577"",""2026-03-18T22:17:56.191515"",""2026-03-18T22:17:56.387786"",""2026-03-18T22:17:56.611392"",""2026-03-18T22:17:56.770706"",""2026-03-18T22:17:56.909108""],""occurrences"":17},""burst_then_idle"":{""severity"":""LOW"",""last_seen"":""2026-03-18T16:57:08.207680+00:00"",""confidence"":0.745,""timestamps"":[""2026-03-18T22:25:10.347864""],""occurrences"":1},""keyboard_sitting"":{""severity"":""CRITICAL"",""last_seen"":""2026-03-18T16:57:06.122497+00:00"",""confidence"":1,""timestamps"":[""2026-03-18T22:17:55.473757"",""2026-03-18T22:17:55.641456"",""2026-03-18T22:17:56.178592"",""2026-03-18T22:17:56.372729"",""2026-03-18T22:17:56.578577"",""2026-03-18T22:17:56.741575"",""2026-03-18T22:17:56.895737"",""2026-03-18T22:17:58.551556"",""2026-03-18T22:17:59.044743"",""2026-03-18T22:17:59.073637"",""2026-03-18T22:17:59.103675"",""2026-03-18T22:17:59.133926"",""2026-03-18T22:17:59.435742"",""2026-03-18T22:17:59.464519"",""2026-03-18T22:17:59.494565"",""2026-03-18T22:17:59.525993"",""2026-03-18T22:17:59.555505"",""2026-03-18T22:17:59.585403"",""2026-03-18T22:17:59.615334"",""2026-03-18T22:17:59.645791"",""2026-03-18T22:17:59.675328"",""2026-03-18T22:17:59.705583"",""2026-03-18T22:17:59.735279"",""2026-03-18T22:17:59.765293"",""2026-03-18T22:17:59.795696"",""2026-03-18T22:17:59.826229"",""2026-03-18T22:17:59.856330"",""2026-03-18T22:17:59.887944"",""2026-03-18T22:17:59.916882"",""2026-03-18T22:17:59.946321"",""2026-03-18T22:17:59.977669"",""2026-03-18T22:18:00.006882"",""2026-03-18T22:18:00.037649"",""2026-03-18T22:18:00.066580"",""2026-03-18T22:18:00.097772"",""2026-03-18T22:18:00.128449"",""2026-03-18T22:18:00.157843"",""2026-03-18T22:18:00.189037"",""2026-03-18T22:18:00.218797"",""2026-03-18T22:18:00.248575"",""2026-03-18T22:18:00.279665"",""2026-03-18T22:18:00.308474"",""2026-03-18T22:18:00.339758"",""2026-03-18T22:18:00.368620"",""2026-03-18T22:18:00.399409"",""2026-03-18T22:18:00.429557"",""2026-03-18T22:18:00.459387"",""2026-03-18T22:18:00.490624"",""2026-03-18T22:18:00.520020"",""2026-03-18T22:18:00.550549"",""2026-03-18T22:18:00.580110"",""2026-03-18T22:18:00.610039"",""2026-03-18T22:18:00.640854"",""2026-03-18T22:18:00.670892"",""2026-03-18T22:18:00.700583"",""2026-03-18T22:18:00.731433"",""2026-03-18T22:18:00.761208"",""2026-03-18T22:18:00.792465"",""2026-03-18T22:18:00.822005"",""2026-03-18T22:18:00.852771"",""2026-03-18T22:18:00.883299"",""2026-03-18T22:18:00.913291"",""2026-03-18T22:18:00.942568"",""2026-03-18T22:18:00.973544"",""2026-03-18T22:18:01.003044"",""2026-03-18T22:18:01.034273"",""2026-03-18T22:18:01.063912"",""2026-03-18T22:18:01.094289"",""2026-03-18T22:18:01.123257"",""2026-03-18T22:18:01.154126"",""2026-03-18T22:18:01.185269"",""2026-03-18T22:18:01.214911"",""2026-03-18T22:18:01.246528"",""2026-03-18T22:18:01.275540"",""2026-03-18T22:18:01.306226"",""2026-03-18T22:18:01.336126"",""2026-03-18T22:18:01.366631"",""2026-03-18T22:18:01.396207"",""2026-03-18T22:18:01.427076"",""2026-03-18T22:18:01.457058"",""2026-03-18T22:18:01.487299"",""2026-03-18T22:18:01.516438"",""2026-03-18T22:18:01.546938"",""2026-03-18T22:18:01.576901"",""2026-03-18T22:18:01.607716"",""2026-03-18T22:18:01.638050"",""2026-03-18T22:18:01.667674"",""2026-03-18T22:18:01.698886"",""2026-03-18T22:18:01.727951"",""2026-03-18T22:18:01.758090"",""2026-03-18T22:18:01.788769"",""2026-03-18T22:18:01.818489"",""2026-03-18T22:18:01.848822"",""2026-03-18T22:18:01.878763"",""2026-03-18T22:18:01.909055"",""2026-03-18T22:18:01.940324"",""2026-03-18T22:18:01.969779"",""2026-03-18T22:18:02"",""2026-03-18T22:18:02.029389"",""2026-03-18T22:18:02.058853"",""2026-03-18T22:18:02.090236"",""2026-03-18T22:18:02.119663"",""2026-03-18T22:18:02.150446"",""2026-03-18T22:18:02.179739"",""2026-03-18T22:18:02.210597"",""2026-03-18T22:18:02.240519"",""2026-03-18T22:18:02.270880"",""2026-03-18T22:18:02.301098"",""2026-03-18T22:18:02.330526"",""2026-03-18T22:18:02.360355"",""2026-03-18T22:18:02.391723"",""2026-03-18T22:18:02.420335"",""2026-03-18T22:18:02.451821"",""2026-03-18T22:18:02.481881"",""2026-03-18T22:18:02.512012"",""2026-03-18T22:18:02.542804"",""2026-03-18T22:18:02.571562"",""2026-03-18T22:18:02.602887"",""2026-03-18T22:18:02.632708"",""2026-03-18T22:18:02.662010"",""2026-03-18T22:18:02.692619"",""2026-03-18T22:18:02.722330"",""2026-03-18T22:18:06.087649""],""occurrences"":123},""superhuman_speed"":{""severity"":""CRITICAL"",""last_seen"":""2026-03-18T16:56:59.347647+00:00"",""confidence"":1,""timestamps"":[""2026-03-18T21:54:09.930629"",""2026-03-18T21:54:39.956690""],""occurrences"":2},""suspicious_paste"":{""severity"":""CRITICAL"",""last_seen"":""2026-03-18T16:56:57.168713+00:00"",""confidence"":0.99,""timestamps"":[""2026-03-18T21:11:06.453484"",""2026-03-18T21:55:56.997041"",""2026-03-18T21:57:08.710467"",""2026-03-18T22:02:51.455740"",""2026-03-18T22:02:51.612051"",""2026-03-18T22:03:13.212856"",""2026-03-18T22:03:51.846827"",""2026-03-18T22:04:15.700177"",""2026-03-18T22:07:49.163134"",""2026-03-18T22:17:50.082338"",""2026-03-18T22:17:50.259930"",""2026-03-18T22:17:50.413357"",""2026-03-18T22:17:53.870372"",""2026-03-18T22:17:54.054124"",""2026-03-18T22:17:54.240192"",""2026-03-18T22:17:54.420029"",""2026-03-18T22:17:54.593149"",""2026-03-18T22:17:54.755589"",""2026-03-18T22:17:54.932558"",""2026-03-18T22:17:55.115209"",""2026-03-18T22:17:55.288547"",""2026-03-18T22:17:55.476250"",""2026-03-18T22:17:55.644005"",""2026-03-18T22:17:56.183903"",""2026-03-18T22:17:56.378765"",""2026-03-18T22:17:56.579095"",""2026-03-18T22:17:56.743081"",""2026-03-18T22:17:56.899333"",""2026-03-18T22:18:10.188906"",""2026-03-18T22:18:40.199461"",""2026-03-18T22:19:10.210641"",""2026-03-18T22:19:40.217865"",""2026-03-18T22:20:10.229768"",""2026-03-18T22:20:40.243270"",""2026-03-18T22:21:10.264765"",""2026-03-18T22:21:40.274827"",""2026-03-18T22:22:10.281598"",""2026-03-18T22:22:40.291112"",""2026-03-18T22:23:10.298603"",""2026-03-18T22:23:40.308810"",""2026-03-18T22:24:10.318867"",""2026-03-18T22:24:40.337122"",""2026-03-18T22:25:10.344669"",""2026-03-18T22:25:40.365805"",""2026-03-18T22:26:10.375124"",""2026-03-18T22:26:40.391129""],""occurrences"":46}}",2026-03-18 15:45:04.818559+00,2026-03-18 16:57:08.20768+00,true,a1000000-0000-0000-0000-000000000001,2026-03-18 16:58:10.652625+00,escalated,2026-03-18 15:44:40.589164+00
4c4357d0-e083-4294-b6e0-ad63e2be8da1,69fbf035-83ce-4c40-8173-f5c4f434ae69,91a97f9e-c93b-42f0-bce9-172796794200,HIGH,0.78,"{""rapid_paste"":{""severity"":""HIGH"",""confidence"":0.85,""occurrences"":5},""suspicious_paste"":{""severity"":""CRITICAL"",""confidence"":0.97,""occurrences"":4}}",2026-04-13 14:00:00+00,2026-04-13 16:30:00+00,false,,,,2026-04-15 14:38:52.303262+00
4df113a9-b296-471b-9feb-a4120b569ec4,e32dd7ee-eb3b-4eed-99ba-658eeef3e1d8,7655942d-098c-472a-a03d-bb2d96e0450d,CRITICAL,1.00,"{""long_idle"":{""severity"":""CRITICAL"",""last_seen"":""2026-03-19T08:46:55.957702+00:00"",""confidence"":1,""timestamps"":[""2026-03-19T12:16:25.992351"",""2026-03-19T12:20:19.315083"",""2026-03-19T12:25:28.021605"",""2026-03-19T12:37:14.226869"",""2026-03-19T12:58:10.828912""],""occurrences"":5},""rapid_paste"":{""severity"":""MEDIUM"",""last_seen"":""2026-03-19T08:46:57.297058+00:00"",""confidence"":0.8,""timestamps"":[""2026-03-19T14:11:14.261539""],""occurrences"":1},""suspicious_paste"":{""severity"":""CRITICAL"",""last_seen"":""2026-03-19T08:46:54.706194+00:00"",""confidence"":0.99,""timestamps"":[""2026-03-19T12:10:28.725427"",""2026-03-19T12:16:33.444552"",""2026-03-19T12:16:36.569819"",""2026-03-19T12:16:48.031178"",""2026-03-19T12:22:16.368300"",""2026-03-19T12:30:58.605076"",""2026-03-19T12:31:11.695185"",""2026-03-19T12:31:27.769047"",""2026-03-19T12:37:38.771547"",""2026-03-19T12:39:34.407396"",""2026-03-19T12:39:53.831632"",""2026-03-19T12:40:23.868870"",""2026-03-19T12:40:53.885416"",""2026-03-19T12:41:23.899914"",""2026-03-19T12:41:53.904925"",""2026-03-19T12:42:23.915597"",""2026-03-19T12:42:53.928280"",""2026-03-19T12:43:23.948376"",""2026-03-19T12:43:53.961796"",""2026-03-19T12:44:23.973987"",""2026-03-19T12:44:53.992743"",""2026-03-19T12:45:24.029492"",""2026-03-19T12:45:54.047450"",""2026-03-19T12:46:24.080421"",""2026-03-19T12:46:54.103505"",""2026-03-19T12:47:24.129517"",""2026-03-19T12:47:54.142453"",""2026-03-19T12:48:24.160139"",""2026-03-19T12:48:52.815924"",""2026-03-19T12:48:54.169823"",""2026-03-19T12:49:08.118457"",""2026-03-19T12:49:20.195646"",""2026-03-19T12:49:24.193890"",""2026-03-19T12:49:30.585905"",""2026-03-19T12:49:54.207189"",""2026-03-19T12:50:24.233790"",""2026-03-19T12:50:54.244506"",""2026-03-19T12:51:24.265843"",""2026-03-19T12:51:54.275832"",""2026-03-19T12:52:24.288521"",""2026-03-19T12:52:54.303332"",""2026-03-19T12:53:24.323130"",""2026-03-19T12:53:54.332411"",""2026-03-19T12:54:24.356015"",""2026-03-19T12:54:54.367466"",""2026-03-19T12:55:24.381812"",""2026-03-19T12:55:54.394930"",""2026-03-19T12:56:24.407264"",""2026-03-19T12:56:54.416263"",""2026-03-19T12:57:24.429852"",""2026-03-19T12:57:54.438986""],""occurrences"":51}}",2026-03-19 06:44:29.087021+00,2026-03-19 08:46:57.297058+00,true,7655942d-098c-472a-a03d-bb2d96e0450d,2026-04-15 18:46:33.496067+00,escalated,2026-03-19 06:44:01.036122+00
58e08ea4-bd4e-4d8f-b432-4b2923ba8c25,4ec792a0-5def-4a45-9b48-36c1af01be31,7655942d-098c-472a-a03d-bb2d96e0450d,CRITICAL,0.95,"{""rapid_paste"":{""severity"":""MEDIUM"",""last_seen"":""2026-04-16T13:05:01.186682+00:00"",""confidence"":0.8,""timestamps"":[""2026-04-16T18:28:11.488053"",""2026-04-16T18:28:12.018793""],""occurrences"":2},""suspicious_paste"":{""severity"":""CRITICAL"",""last_seen"":""2026-04-16T13:04:58.397731+00:00"",""confidence"":0.95,""timestamps"":[""2026-04-16T18:28:05.576763"",""2026-04-16T18:28:10.790457"",""2026-04-16T18:28:11.479159"",""2026-04-16T18:28:12.005530""],""occurrences"":4}}",2026-04-16 12:57:39.944577+00,2026-04-16 13:05:01.186682+00,true,078b8628-dcb3-4bbf-9a64-ce01557013a5,2026-04-17 18:04:26.813635+00,escalated,2026-04-16 12:57:40.536258+00
597971ba-2ea4-46e4-bf00-33acafaffc66,00cc884d-9df4-421a-aa2d-070e11371574,ec4d7561-6520-486b-ae55-3904e57a2bc6,HIGH,0.75,"{""long_idle"":{""severity"":""HIGH"",""confidence"":0.9,""occurrences"":4},""minimal_activity"":{""severity"":""MEDIUM"",""confidence"":0.75,""occurrences"":2}}",2026-04-13 10:15:00+00,2026-04-13 12:10:00+00,false,,,,2026-04-15 14:38:52.303262+00
5da0ad5a-a7a5-4de6-a459-93a553a9366b,7cf2d12f-08da-45ff-81a5-9d8eef59f886,0d985da7-bbf3-4d5b-bfe9-010a3456c41c,HIGH,0.70,"{""rapid_paste"":{""severity"":""HIGH"",""confidence"":0.8,""occurrences"":3},""burst_then_idle"":{""severity"":""MEDIUM"",""confidence"":0.7,""occurrences"":2}}",2026-04-17 10:00:00+00,2026-04-17 11:45:00+00,true,078b8628-dcb3-4bbf-9a64-ce01557013a5,2026-04-17 18:24:58.06865+00,escalated,2026-04-15 14:38:52.303262+00
5f534c09-8b7b-4b1e-8ba5-b75905dfd31c,7d64d39e-cbed-5519-8d3b-98e2bc984f66,e1000000-0000-0000-0000-000000000005,HIGH,0.74,"{""rapid_paste"":{""severity"":""HIGH"",""confidence"":0.82,""occurrences"":3}}",2026-03-09 18:35:13.182368+00,2026-03-09 23:10:00+00,true,a1000000-0000-0000-0000-000000000001,2026-03-18 17:25:08.634965+00,dismissed,2026-03-18 07:35:13.182368+00
624836e4-84fa-4d40-8c30-74eaea058398,409dca42-87b1-4b74-ab01-cfdb09196b21,7655942d-098c-472a-a03d-bb2d96e0450d,CRITICAL,1.00,"{""rapid_paste"":{""severity"":""HIGH"",""last_seen"":""2026-04-17T10:35:41.345753+00:00"",""confidence"":0.8,""timestamps"":[""2026-04-17T16:04:43.696679"",""2026-04-17T16:04:44.041985"",""2026-04-17T16:04:44.472309"",""2026-04-17T16:04:44.793643"",""2026-04-17T16:04:45.275683"",""2026-04-17T16:04:45.531093"",""2026-04-17T16:04:45.725487"",""2026-04-17T16:04:45.888757"",""2026-04-17T16:04:46.054598""],""occurrences"":9},""paste_heavy_work"":{""severity"":""CRITICAL"",""last_seen"":""2026-04-17T10:35:44.027627+00:00"",""confidence"":1,""timestamps"":[""2026-04-17T16:05:36.714627"",""2026-04-17T16:06:06.789288""],""occurrences"":2}}",2026-04-17 10:34:59.35825+00,2026-04-17 10:35:44.027627+00,false,,,,2026-04-17 10:34:59.885024+00
669778ab-1ac8-45c1-92ac-524c9def6e99,77fcaa66-f5c8-47fc-bc38-136812d0c193,59bdef83-dd22-4db6-a6a4-1e8d3842078d,HIGH,0.65,"{""minimal_activity"":{""severity"":""MEDIUM"",""confidence"":0.7,""occurrences"":2}}",2026-04-15 10:15:00+00,2026-04-15 12:30:00+00,true,078b8628-dcb3-4bbf-9a64-ce01557013a5,2026-04-18 04:05:07.800579+00,escalated,2026-04-15 14:38:52.303262+00
6ab0b703-1d29-4bb2-9f85-f4c306e60b3a,338522c7-0c75-4080-924d-45c242236239,7655942d-098c-472a-a03d-bb2d96e0450d,CRITICAL,1.00,"{""long_idle"":{""severity"":""CRITICAL"",""last_seen"":""2026-04-14T11:31:01.560317+00:00"",""confidence"":1,""timestamps"":[""2026-04-14T17:00:22.769660""],""occurrences"":1},""keyboard_sitting"":{""severity"":""CRITICAL"",""last_seen"":""2026-04-14T11:30:58.869480+00:00"",""confidence"":1,""timestamps"":[""2026-04-14T16:51:07.925401"",""2026-04-14T16:51:07.955344"",""2026-04-14T16:51:07.984415"",""2026-04-14T16:51:08.016113"",""2026-04-14T16:51:08.197588"",""2026-04-14T16:51:08.220008"",""2026-04-14T16:51:08.241648"",""2026-04-14T16:51:08.263320"",""2026-04-14T16:52:03.881073"",""2026-04-14T16:52:03.970652"",""2026-04-14T16:52:04.243289"",""2026-04-14T16:52:33.655505"",""2026-04-14T16:52:35.476179"",""2026-04-14T16:52:43.230574""],""occurrences"":14},""minimal_activity"":{""severity"":""HIGH"",""last_seen"":""2026-04-14T11:31:00.140831+00:00"",""confidence"":0.9273,""timestamps"":[""2026-04-14T17:00:01.741793"",""2026-04-14T17:00:31.791426""],""occurrences"":2},""suspicious_paste"":{""severity"":""CRITICAL"",""last_seen"":""2026-04-14T11:30:57.426898+00:00"",""confidence"":0.99,""timestamps"":[""2026-04-14T16:51:00.837576"",""2026-04-14T16:51:05.043364"",""2026-04-14T16:52:35.489078"",""2026-04-14T16:53:00.462972"",""2026-04-14T16:55:18.244394"",""2026-04-14T16:55:18.400296""],""occurrences"":6}}",2026-04-14 11:25:54.12277+00,2026-04-14 11:31:01.560317+00,true,7655942d-098c-472a-a03d-bb2d96e0450d,2026-04-15 18:39:47.397496+00,escalated,2026-04-14 11:25:17.225574+00
75a6720f-94cc-4686-b518-504916064d05,d22b22b3-1869-4393-95b7-171cdddd3790,478a5022-70c4-4fe6-ae07-a741998add51,HIGH,0.70,"{""rapid_paste"":{""severity"":""HIGH"",""confidence"":0.8,""occurrences"":4}}",2026-04-14 13:00:00+00,2026-04-14 17:30:00+00,false,,,,2026-04-15 14:38:52.303262+00
89351406-d13e-4666-9f75-6fe6028d597d,d0aca746-b1bf-4c30-a962-eead4b62a015,1950dcfc-8839-4c50-ab2a-11a6f6c018ff,CRITICAL,0.99,"{""long_idle"":{""severity"":""LOW"",""last_seen"":""2026-04-15T18:44:08.022016+00:00"",""confidence"":0.7085,""timestamps"":[""2026-04-15T23:45:09.575132""],""occurrences"":1},""rapid_paste"":{""severity"":""MEDIUM"",""last_seen"":""2026-04-15T18:44:06.450113+00:00"",""confidence"":0.8,""timestamps"":[""2026-04-15T23:07:36.581072"",""2026-04-15T23:07:37.058166""],""occurrences"":2},""suspicious_paste"":{""severity"":""CRITICAL"",""last_seen"":""2026-04-15T18:43:54.334949+00:00"",""confidence"":0.99,""timestamps"":[""2026-04-15T23:07:29.881106"",""2026-04-15T23:07:34.059837"",""2026-04-15T23:07:36.572987"",""2026-04-15T23:07:37.051776"",""2026-04-16T00:07:37.480986"",""2026-04-16T00:13:26.049526""],""occurrences"":6}}",2026-04-15 17:37:42.934134+00,2026-04-15 18:44:08.022016+00,false,,,,2026-04-15 17:37:04.649347+00
9bca2ee5-94ad-4d66-9e1c-40ce2ba61af6,1d3f7415-0e34-4bcd-897a-d6518784dde5,ec4d7561-6520-486b-ae55-3904e57a2bc6,CRITICAL,0.85,"{""long_idle"":{""severity"":""CRITICAL"",""confidence"":0.95,""occurrences"":7},""keyboard_sitting"":{""severity"":""HIGH"",""confidence"":0.9,""occurrences"":4}}",2026-04-16 10:10:00+00,2026-04-16 11:40:00+00,false,,,,2026-04-15 14:38:52.303262+00
9d06c686-b1c6-40dd-a206-5355c4adf0d8,2876230b-c7d3-4806-9d66-e1e981584281,a1000000-0000-0000-0000-000000000001,CRITICAL,0.99,"{""long_idle"":{""severity"":""HIGH"",""last_seen"":""2026-03-19T17:10:14.533530+00:00"",""confidence"":0.9169,""timestamps"":[""2026-03-19T22:32:01.388081""],""occurrences"":1},""suspicious_paste"":{""severity"":""CRITICAL"",""last_seen"":""2026-03-19T17:10:17.477154+00:00"",""confidence"":0.99,""timestamps"":[""2026-03-19T22:35:39.805129"",""2026-03-19T22:38:18.869637"",""2026-03-19T22:38:30.538379"",""2026-03-19T22:38:41.835717""],""occurrences"":4}}",2026-03-19 17:02:58.370026+00,2026-03-19 17:10:17.477154+00,false,,,,2026-03-19 17:02:59.112835+00
9d9ebaeb-7809-4957-bdc4-e8c52750b176,3d259f09-e242-4665-8072-1d4ceeb906f6,91a97f9e-c93b-42f0-bce9-172796794200,HIGH,0.72,"{""suspicious_paste"":{""severity"":""HIGH"",""confidence"":0.9,""occurrences"":3}}",2026-04-18 12:30:00+00,2026-04-18 15:00:00+00,true,078b8628-dcb3-4bbf-9a64-ce01557013a5,2026-04-17 18:13:41.108841+00,escalated,2026-04-15 14:38:52.303262+00
b9910b71-d48d-476c-b119-5285eaa7eaeb,6e67c504-60af-452d-accd-8f1809395426,7655942d-098c-472a-a03d-bb2d96e0450d,CRITICAL,0.99,"{""rapid_paste"":{""severity"":""CRITICAL"",""last_seen"":""2026-03-19T15:43:38.940570+00:00"",""confidence"":0.8,""timestamps"":[""2026-03-19T20:56:45.256003"",""2026-03-19T20:56:45.422505"",""2026-03-19T20:56:45.590140"",""2026-03-19T20:56:45.750603"",""2026-03-19T20:56:45.908362"",""2026-03-19T20:56:46.085344"",""2026-03-19T20:56:46.242307"",""2026-03-19T20:56:46.411992"",""2026-03-19T20:56:46.560268"",""2026-03-19T20:56:46.722324"",""2026-03-19T20:56:46.877335"",""2026-03-19T20:56:47.032186"",""2026-03-19T20:56:47.191258"",""2026-03-19T20:56:47.353299"",""2026-03-19T20:56:47.512815"",""2026-03-19T20:56:47.688001"",""2026-03-19T20:56:47.863017"",""2026-03-19T20:56:48.026940""],""occurrences"":18},""keyboard_sitting"":{""severity"":""CRITICAL"",""last_seen"":""2026-03-19T15:43:48.507936+00:00"",""confidence"":0.95,""timestamps"":[""2026-03-19T20:56:47.170288"",""2026-03-19T20:56:47.338254"",""2026-03-19T20:56:47.496068"",""2026-03-19T20:56:47.671296"",""2026-03-19T20:56:47.842456"",""2026-03-19T20:56:48.012928"",""2026-03-19T21:00:59.992671"",""2026-03-19T21:01:00.154380"",""2026-03-19T21:01:00.915814"",""2026-03-19T21:01:01.193565"",""2026-03-19T21:01:01.554600""],""occurrences"":11},""suspicious_paste"":{""severity"":""CRITICAL"",""last_seen"":""2026-03-19T15:43:29.270093+00:00"",""confidence"":0.99,""timestamps"":[""2026-03-19T20:56:39.408397"",""2026-03-19T20:56:45.072344"",""2026-03-19T20:56:45.248026"",""2026-03-19T20:56:45.417762"",""2026-03-19T20:56:45.583523"",""2026-03-19T20:56:45.744412"",""2026-03-19T20:56:45.902179"",""2026-03-19T20:56:46.073086"",""2026-03-19T20:56:46.234399"",""2026-03-19T20:56:46.400340"",""2026-03-19T20:56:46.553903"",""2026-03-19T20:56:46.712364"",""2026-03-19T20:56:46.870323"",""2026-03-19T20:56:47.027434"",""2026-03-19T20:56:47.185837"",""2026-03-19T20:56:47.341762"",""2026-03-19T20:56:47.506452"",""2026-03-19T20:56:47.680318"",""2026-03-19T20:56:47.853989"",""2026-03-19T20:56:48.016942"",""2026-03-19T20:57:04.131051"",""2026-03-19T20:57:34.139322"",""2026-03-19T20:58:04.147195"",""2026-03-19T20:58:34.153483"",""2026-03-19T20:59:04.159912"",""2026-03-19T20:59:34.174480"",""2026-03-19T21:00:04.186140"",""2026-03-19T21:00:34.193546"",""2026-03-19T21:01:04.207588"",""2026-03-19T21:01:34.219676"",""2026-03-19T21:02:04.226443"",""2026-03-19T21:02:34.233892"",""2026-03-19T21:03:04.240999"",""2026-03-19T21:03:24.501756"",""2026-03-19T21:03:24.655428"",""2026-03-19T21:03:34.249755"",""2026-03-19T21:04:04.260686"",""2026-03-19T21:04:34.268834"",""2026-03-19T21:05:04.276570"",""2026-03-19T21:05:34.284266"",""2026-03-19T21:06:04.290446"",""2026-03-19T21:06:34.300107"",""2026-03-19T21:07:04.309841"",""2026-03-19T21:07:34.321375"",""2026-03-19T21:08:01.181527"",""2026-03-19T21:08:04.334188"",""2026-03-19T21:08:34.342989"",""2026-03-19T21:09:04.350496"",""2026-03-19T21:09:34.357755"",""2026-03-19T21:10:04.368058"",""2026-03-19T21:10:34.377470"",""2026-03-19T21:11:04.391324"",""2026-03-19T21:11:34.399010"",""2026-03-19T21:12:04.410096"",""2026-03-19T21:12:34.421491"",""2026-03-19T21:13:04.435564"",""2026-03-19T21:13:34.445289""],""occurrences"":57}}",2026-03-19 15:29:45.354613+00,2026-03-19 15:43:48.507936+00,true,7655942d-098c-472a-a03d-bb2d96e0450d,2026-04-15 18:44:26.893239+00,warning_issued,2026-03-19 15:29:47.888734+00
bcb9e044-d9f8-413e-8e9c-d822740bb851,92476d69-929f-53fb-940e-9fc988196fa4,e1000000-0000-0000-0000-000000000003,CRITICAL,0.93,"{""rapid_paste"":{""severity"":""CRITICAL"",""confidence"":0.95,""occurrences"":8},""suspicious_paste"":{""severity"":""CRITICAL"",""confidence"":0.99,""occurrences"":6}}",2026-03-16 18:35:13.182368+00,2026-03-16 23:30:00+00,true,a1000000-0000-0000-0000-000000000001,2026-03-18 17:25:17.59718+00,dismissed,2026-03-18 07:35:13.182368+00
c30846fe-5256-442d-8d06-a72150f32ab1,f5783da6-6e4e-407e-9650-60847a360f63,1950dcfc-8839-4c50-ab2a-11a6f6c018ff,CRITICAL,1.00,"{""long_idle"":{""severity"":""CRITICAL"",""last_seen"":""2026-04-15T14:47:38.916924+00:00"",""confidence"":1,""timestamps"":[""2026-04-15T19:37:55.701240"",""2026-04-15T19:37:55.750956"",""2026-04-15T19:49:14.749017"",""2026-04-15T19:49:15.022645""],""occurrences"":4},""rapid_paste"":{""severity"":""MEDIUM"",""last_seen"":""2026-04-14T18:24:05.702626+00:00"",""confidence"":0.8,""timestamps"":[""2026-04-14T23:35:51.871989""],""occurrences"":1},""burst_then_idle"":{""severity"":""LOW"",""last_seen"":""2026-04-15T14:47:38.068336+00:00"",""confidence"":0.7244,""timestamps"":[""2026-04-15T19:08:01.141742""],""occurrences"":1},""suspicious_paste"":{""severity"":""CRITICAL"",""last_seen"":""2026-04-15T14:47:37.137542+00:00"",""confidence"":0.99,""timestamps"":[""2026-04-15T18:54:29.464283"",""2026-04-15T19:50:24.473210"",""2026-04-15T19:57:30.096608"",""2026-04-15T19:59:37.099672"",""2026-04-15T20:00:40.796511"",""2026-04-15T20:06:26.335995"",""2026-04-15T20:07:43.783840"",""2026-04-15T20:14:51.177747"",""2026-04-15T20:16:02.657519""],""occurrences"":9}}",2026-04-14 18:00:47.568096+00,2026-04-15 14:47:38.916924+00,false,,,,2026-04-14 18:00:10.432425+00
c4e17fcc-b87b-4eba-90c9-314c04cb21bd,69f8fd2b-950e-403e-a7e9-750520ef9a94,91a97f9e-c93b-42f0-bce9-172796794200,HIGH,0.68,"{""minimal_activity"":{""severity"":""MEDIUM"",""confidence"":0.7,""occurrences"":2}}",2026-04-15 10:30:00+00,2026-04-15 15:30:00+00,true,078b8628-dcb3-4bbf-9a64-ce01557013a5,2026-04-17 18:29:50.477133+00,escalated,2026-04-15 14:38:52.303262+00
d4d68bbc-129e-4176-9404-4e5a96e5227e,34942576-ed82-428e-920a-d5c2203fb0c0,ec4d7561-6520-486b-ae55-3904e57a2bc6,CRITICAL,0.88,"{""long_idle"":{""severity"":""CRITICAL"",""confidence"":1,""occurrences"":8},""minimal_activity"":{""severity"":""HIGH"",""confidence"":0.9,""occurrences"":4}}",2026-04-18 10:10:00+00,2026-04-18 11:50:00+00,false,,,,2026-04-15 14:38:52.303262+00
d8e4f049-19d0-46de-9a53-ef0e10c41f6c,59771728-842b-4577-9467-acd80a5b3f27,e1000000-0000-0000-0000-000000000001,CRITICAL,1.00,"{""long_idle"":{""severity"":""CRITICAL"",""last_seen"":""2026-03-19T12:17:15.952527+00:00"",""confidence"":1,""timestamps"":[""2026-03-19T14:38:29.913896"",""2026-03-19T14:40:43.505293"",""2026-03-19T14:43:56.347186"",""2026-03-19T14:52:16.859310"",""2026-03-19T14:52:46.881312"",""2026-03-19T14:53:16.903716"",""2026-03-19T14:53:46.916227"",""2026-03-19T14:54:16.935446"",""2026-03-19T14:54:46.951595"",""2026-03-19T14:55:16.970889"",""2026-03-19T14:55:20.702034"",""2026-03-19T15:01:19.899953"",""2026-03-19T16:00:18.958652"",""2026-03-19T16:06:07.954556"",""2026-03-19T16:06:08.109972"",""2026-03-19T16:09:38.235851"",""2026-03-19T16:12:01.286231"",""2026-03-19T16:14:03.038036"",""2026-03-19T16:21:05.780003"",""2026-03-19T16:26:38.338098"",""2026-03-19T16:52:42.743583"",""2026-03-19T16:52:42.789701"",""2026-03-19T16:52:43.073948"",""2026-03-19T17:00:13.011461"",""2026-03-19T17:00:13.064805"",""2026-03-19T17:00:43.034783"",""2026-03-19T17:00:43.079197"",""2026-03-19T17:01:13.066501"",""2026-03-19T17:01:13.098657"",""2026-03-19T17:01:43.087390"",""2026-03-19T17:01:43.118807"",""2026-03-19T17:02:13.113598"",""2026-03-19T17:02:13.143055"",""2026-03-19T17:02:43.141712"",""2026-03-19T17:02:43.171928"",""2026-03-19T17:03:13.172696"",""2026-03-19T17:03:13.197401"",""2026-03-19T17:03:43.201031"",""2026-03-19T17:03:43.223164"",""2026-03-19T17:04:13.218746"",""2026-03-19T17:04:13.243724"",""2026-03-19T17:04:43.242111"",""2026-03-19T17:04:43.265510"",""2026-03-19T17:05:13.255028"",""2026-03-19T17:05:13.279850"",""2026-03-19T17:05:43.286166"",""2026-03-19T17:05:43.308142"",""2026-03-19T17:06:13.316954"",""2026-03-19T17:06:13.354273"",""2026-03-19T17:06:43.342363"",""2026-03-19T17:06:43.380773"",""2026-03-19T17:07:13.356169"",""2026-03-19T17:07:13.397521"",""2026-03-19T17:07:43.380141"",""2026-03-19T17:07:43.416275"",""2026-03-19T17:08:13.395813"",""2026-03-19T17:08:13.431009"",""2026-03-19T17:08:43.416973"",""2026-03-19T17:08:43.454725"",""2026-03-19T17:09:13.430036"",""2026-03-19T17:09:13.473317"",""2026-03-19T17:09:43.461325"",""2026-03-19T17:09:43.488264"",""2026-03-19T17:10:13.504929"",""2026-03-19T17:10:13.511052"",""2026-03-19T17:10:43.525845"",""2026-03-19T17:10:43.537637"",""2026-03-19T17:11:13.543652"",""2026-03-19T17:11:13.568788"",""2026-03-19T17:11:43.577316"",""2026-03-19T17:11:43.590873"",""2026-03-19T17:12:13.598302"",""2026-03-19T17:12:13.609467"",""2026-03-19T17:12:43.610582"",""2026-03-19T17:12:43.636792"",""2026-03-19T17:13:13.626181"",""2026-03-19T17:13:13.652181"",""2026-03-19T17:13:43.642781"",""2026-03-19T17:13:43.671198"",""2026-03-19T17:14:13.660629"",""2026-03-19T17:14:13.698439"",""2026-03-19T17:14:43.672278"",""2026-03-19T17:14:43.713250"",""2026-03-19T17:15:13.685545"",""2026-03-19T17:15:13.725694"",""2026-03-19T17:15:43.707239"",""2026-03-19T17:15:43.742710"",""2026-03-19T17:16:13.723258"",""2026-03-19T17:16:13.765372"",""2026-03-19T17:16:43.747196"",""2026-03-19T17:16:43.787375"",""2026-03-19T17:16:43.959625"",""2026-03-19T17:22:25.822176""],""occurrences"":93},""rapid_paste"":{""severity"":""CRITICAL"",""last_seen"":""2026-03-19T12:17:20.331457+00:00"",""confidence"":0.8,""timestamps"":[""2026-03-19T15:38:28.789740"",""2026-03-19T15:38:29.325525"",""2026-03-19T15:38:29.741375"",""2026-03-19T15:38:29.969034"",""2026-03-19T15:38:30.176595"",""2026-03-19T15:38:30.352183"",""2026-03-19T15:38:30.538572"",""2026-03-19T15:38:30.729124"",""2026-03-19T15:38:30.908119"",""2026-03-19T15:38:31.119435"",""2026-03-19T15:38:31.310427""],""occurrences"":11},""burst_then_idle"":{""severity"":""LOW"",""last_seen"":""2026-03-19T12:17:24.039573+00:00"",""confidence"":0.7117,""timestamps"":[""2026-03-19T16:18:34.067729""],""occurrences"":1},""minimal_activity"":{""severity"":""CRITICAL"",""last_seen"":""2026-03-19T12:17:17.499801+00:00"",""confidence"":1,""timestamps"":[""2026-03-19T14:39:46.398348"",""2026-03-19T14:40:16.423083"",""2026-03-19T14:40:46.439453"",""2026-03-19T14:41:16.486403"",""2026-03-19T14:41:46.507645"",""2026-03-19T14:42:16.528419"",""2026-03-19T14:42:46.538544"",""2026-03-19T14:43:16.553957"",""2026-03-19T14:43:46.569884"",""2026-03-19T14:44:16.628867"",""2026-03-19T14:44:46.649463"",""2026-03-19T14:45:16.673729"",""2026-03-19T14:45:46.683549"",""2026-03-19T14:46:16.697568"",""2026-03-19T14:46:46.704796"",""2026-03-19T14:47:16.718698"",""2026-03-19T14:47:46.738412"",""2026-03-19T14:48:16.757563"",""2026-03-19T14:48:46.770239"",""2026-03-19T14:49:16.785706"",""2026-03-19T14:49:46.790718"",""2026-03-19T14:50:16.801795"",""2026-03-19T14:50:46.813210"",""2026-03-19T14:51:16.827361"",""2026-03-19T14:51:46.833902"",""2026-03-19T14:52:16.867041"",""2026-03-19T14:52:46.884390"",""2026-03-19T14:53:16.906718"",""2026-03-19T14:53:46.919234"",""2026-03-19T14:54:16.939249"",""2026-03-19T14:54:46.955135"",""2026-03-19T14:55:16.975214"",""2026-03-19T14:55:46.991499"",""2026-03-19T14:56:17.013854"",""2026-03-19T14:56:47.024594"",""2026-03-19T14:57:17.038702"",""2026-03-19T14:57:47.050893"",""2026-03-19T14:58:17.063030"",""2026-03-19T14:58:47.078612"",""2026-03-19T14:59:17.093534"",""2026-03-19T14:59:47.105435"",""2026-03-19T15:00:17.123069"",""2026-03-19T15:00:47.135441"",""2026-03-19T15:01:17.149335"",""2026-03-19T15:01:47.157950""],""occurrences"":45},""superhuman_speed"":{""severity"":""CRITICAL"",""last_seen"":""2026-03-19T12:17:22.536154+00:00"",""confidence"":1,""timestamps"":[""2026-03-19T15:39:23.744455"",""2026-03-19T15:39:24.074679""],""occurrences"":2},""suspicious_paste"":{""severity"":""CRITICAL"",""last_seen"":""2026-03-19T12:17:18.882662+00:00"",""confidence"":0.99,""timestamps"":[""2026-03-19T15:38:28.206726"",""2026-03-19T15:38:28.776731"",""2026-03-19T15:38:29.735863"",""2026-03-19T15:38:30.722603"",""2026-03-19T15:38:31.304416"",""2026-03-19T15:47:15.544930"",""2026-03-19T15:49:10.610477"",""2026-03-19T15:51:04.251974""],""occurrences"":8}}",2026-03-19 09:09:43.841052+00,2026-03-19 12:17:24.039573+00,false,,,,2026-03-19 09:09:16.74234+00
de163820-d6fb-4d46-9f9e-81325aa9b6cc,d74eb73f-0f9c-4540-bb0d-e58656d4a31c,0538b32c-c891-41bd-a82e-b150f09fc50e,CRITICAL,1.00,"{""long_idle"":{""severity"":""CRITICAL"",""last_seen"":""2026-03-20T10:14:43.691880+00:00"",""confidence"":1,""timestamps"":[""2026-03-20T10:39:28.008182"",""2026-03-20T10:39:58.036628"",""2026-03-20T10:40:28.062535"",""2026-03-20T10:40:58.095624"",""2026-03-20T10:41:28.122783"",""2026-03-20T10:41:58.156576"",""2026-03-20T10:42:28.191288"",""2026-03-20T10:42:58.231143"",""2026-03-20T10:43:28.263246"",""2026-03-20T10:43:58.290288"",""2026-03-20T10:44:28.326625"",""2026-03-20T10:44:58.361894"",""2026-03-20T10:45:28.393997"",""2026-03-20T10:45:58.430793"",""2026-03-20T10:46:28.462181"",""2026-03-20T10:46:58.501586"",""2026-03-20T10:47:28.533227"",""2026-03-20T10:47:58.569529"",""2026-03-20T10:48:28.604654"",""2026-03-20T10:48:58.644734"",""2026-03-20T10:49:28.678337"",""2026-03-20T10:49:58.715396"",""2026-03-20T10:50:28.748524"",""2026-03-20T10:50:58.785262"",""2026-03-20T10:51:28.819456"",""2026-03-20T10:51:58.854604"",""2026-03-20T10:52:28.883807"",""2026-03-20T10:52:58.919926"",""2026-03-20T10:53:28.951544"",""2026-03-20T10:53:58.986406"",""2026-03-20T10:54:29.022122"",""2026-03-20T10:54:59.057380"",""2026-03-20T10:55:29.089880"",""2026-03-20T10:55:59.122740"",""2026-03-20T10:56:29.159556"",""2026-03-20T10:56:59.194740"",""2026-03-20T10:57:29.232738"",""2026-03-20T10:57:59.271187"",""2026-03-20T10:58:29.304110"",""2026-03-20T10:58:59.341455"",""2026-03-20T10:59:29.377176"",""2026-03-20T10:59:31.289567"",""2026-03-20T11:03:00.762904"",""2026-03-20T11:12:29.817158"",""2026-03-20T11:12:59.842124"",""2026-03-20T11:13:29.867019"",""2026-03-20T11:13:59.894750"",""2026-03-20T11:14:29.923055"",""2026-03-20T11:14:59.953766"",""2026-03-20T11:15:29.982073"",""2026-03-20T11:16:00.012563"",""2026-03-20T11:16:30.032423"",""2026-03-20T11:17:00.061434"",""2026-03-20T11:17:30.091098"",""2026-03-20T11:18:00.118157"",""2026-03-20T11:18:30.138660"",""2026-03-20T11:19:00.171050"",""2026-03-20T11:19:30.195000"",""2026-03-20T11:20:00.226779"",""2026-03-20T11:20:30.249603"",""2026-03-20T11:21:00.279989"",""2026-03-20T11:21:30.307594"",""2026-03-20T11:22:00.341497"",""2026-03-20T11:22:30.366649"",""2026-03-20T11:23:00.394423"",""2026-03-20T11:23:30.420451"",""2026-03-20T11:24:00.450973"",""2026-03-20T11:24:30.477044"",""2026-03-20T11:25:00.507557"",""2026-03-20T11:25:30.532114"",""2026-03-20T11:26:00.568547"",""2026-03-20T11:26:30.593806"",""2026-03-20T11:27:00.621385"",""2026-03-20T11:27:30.649665"",""2026-03-20T11:28:00.676554"",""2026-03-20T11:28:30.703430"",""2026-03-20T11:29:00.732847"",""2026-03-20T11:29:30.759908"",""2026-03-20T11:30:00.787639"",""2026-03-20T11:30:30.812949"",""2026-03-20T11:31:00.840439"",""2026-03-20T11:31:30.867051"",""2026-03-20T11:32:00.902057"",""2026-03-20T11:32:30.925675"",""2026-03-20T11:33:00.952256"",""2026-03-20T11:33:30.977604"",""2026-03-20T11:34:01.004561"",""2026-03-20T11:34:31.029559"",""2026-03-20T11:35:01.056681"",""2026-03-20T11:35:31.084431"",""2026-03-20T11:36:01.111635"",""2026-03-20T11:36:31.136655"",""2026-03-20T11:37:01.165424"",""2026-03-20T11:37:31.191190"",""2026-03-20T11:37:32.266347"",""2026-03-20T11:45:01.463063"",""2026-03-20T11:45:31.486381"",""2026-03-20T11:46:01.520633"",""2026-03-20T11:46:31.546379"",""2026-03-20T11:47:01.582402"",""2026-03-20T11:47:31.609502"",""2026-03-20T11:48:01.641820"",""2026-03-20T11:48:31.665509"",""2026-03-20T11:49:01.692670"",""2026-03-20T11:49:31.717660"",""2026-03-20T11:50:01.745799"",""2026-03-20T11:50:31.772304"",""2026-03-20T11:51:01.803816"",""2026-03-20T11:51:31.827038"",""2026-03-20T11:52:01.854689"",""2026-03-20T11:52:31.882180"",""2026-03-20T11:53:01.908458"",""2026-03-20T11:53:31.932173"",""2026-03-20T11:54:01.961534"",""2026-03-20T11:54:31.984571"",""2026-03-20T11:55:02.013707"",""2026-03-20T11:55:32.038207"",""2026-03-20T11:56:02.070600"",""2026-03-20T11:56:32.095537"",""2026-03-20T11:57:02.122950"",""2026-03-20T11:57:16.421127"",""2026-03-20T12:01:55.054993"",""2026-03-20T12:05:47.584872"",""2026-03-20T12:13:02.680405"",""2026-03-20T12:13:32.703441"",""2026-03-20T12:14:02.728631"",""2026-03-20T12:14:32.755378"",""2026-03-20T12:15:02.785603"",""2026-03-20T12:15:32.813265"",""2026-03-20T12:16:02.836824"",""2026-03-20T12:16:32.861220"",""2026-03-20T12:17:02.889983"",""2026-03-20T12:17:32.918610"",""2026-03-20T12:18:02.943345"",""2026-03-20T12:18:32.968028"",""2026-03-20T12:19:03.002722"",""2026-03-20T12:19:33.026349"",""2026-03-20T12:20:03.056034"",""2026-03-20T12:20:33.080782"",""2026-03-20T12:21:03.111782"",""2026-03-20T12:21:33.137449"",""2026-03-20T12:22:03.167371"",""2026-03-20T12:22:33.193123"",""2026-03-20T12:23:03.223491"",""2026-03-20T12:23:33.245054"",""2026-03-20T12:24:03.269925"",""2026-03-20T12:24:33.295187"",""2026-03-20T12:25:03.332266"",""2026-03-20T12:25:33.352751"",""2026-03-20T12:26:03.377966"",""2026-03-20T12:26:33.400157"",""2026-03-20T12:27:03.431964"",""2026-03-20T12:27:33.460451"",""2026-03-20T12:28:03.493804"",""2026-03-20T12:28:33.525866"",""2026-03-20T12:29:03.551926"",""2026-03-20T12:29:33.577777"",""2026-03-20T12:30:03.602808"",""2026-03-20T12:30:33.627200"",""2026-03-20T12:31:03.658124"",""2026-03-20T12:31:33.682989"",""2026-03-20T12:32:03.706611"",""2026-03-20T12:32:33.734697"",""2026-03-20T12:33:03.761693"",""2026-03-20T12:33:33.787169"",""2026-03-20T12:34:03.819146"",""2026-03-20T12:34:33.850119"",""2026-03-20T12:35:03.886007"",""2026-03-20T12:35:33.915119"",""2026-03-20T12:36:03.949098"",""2026-03-20T12:36:33.981844"",""2026-03-20T12:37:04.015735"",""2026-03-20T12:37:34.045914"",""2026-03-20T12:38:04.079833"",""2026-03-20T12:38:34.111204"",""2026-03-20T12:39:04.143603"",""2026-03-20T12:39:34.175723"",""2026-03-20T12:40:04.206968"",""2026-03-20T12:40:34.235405"",""2026-03-20T12:41:04.261682"",""2026-03-20T12:41:34.285903"",""2026-03-20T12:42:04.305789"",""2026-03-20T12:42:34.337079"",""2026-03-20T12:43:04.362009"",""2026-03-20T12:43:34.388820"",""2026-03-20T12:44:04.417844"",""2026-03-20T12:44:34.453068"",""2026-03-20T12:45:04.479937"",""2026-03-20T12:45:34.506107"",""2026-03-20T12:46:04.533703"",""2026-03-20T12:46:34.559642"",""2026-03-20T12:47:04.589639"",""2026-03-20T12:47:34.614325"",""2026-03-20T12:48:04.643580"",""2026-03-20T12:48:34.670197"",""2026-03-20T12:49:04.695568"",""2026-03-20T12:49:34.721199"",""2026-03-20T12:50:04.749590"",""2026-03-20T12:50:34.776744"",""2026-03-20T12:51:04.801462"",""2026-03-20T12:51:34.828668"",""2026-03-20T12:52:04.862337"",""2026-03-20T12:52:34.891039"",""2026-03-20T12:53:04.918392"",""2026-03-20T12:53:34.944938"",""2026-03-20T12:54:04.974672"",""2026-03-20T12:54:35.001718"",""2026-03-20T12:55:05.028159"",""2026-03-20T12:55:35.056818"",""2026-03-20T12:56:05.086007"",""2026-03-20T12:56:35.114840"",""2026-03-20T12:57:05.141587"",""2026-03-20T12:57:35.167498"",""2026-03-20T12:58:05.193000"",""2026-03-20T12:58:35.217975"",""2026-03-20T12:59:05.249172"",""2026-03-20T12:59:35.273225"",""2026-03-20T13:00:05.304402"",""2026-03-20T13:00:35.330785"",""2026-03-20T13:01:05.353829"",""2026-03-20T13:01:35.378101"",""2026-03-20T13:02:05.408003"",""2026-03-20T13:02:35.432723"",""2026-03-20T13:03:05.458045"",""2026-03-20T13:03:35.484833"",""2026-03-20T13:04:05.513577"",""2026-03-20T13:04:35.538603"",""2026-03-20T13:05:05.564708"",""2026-03-20T13:05:35.591846"",""2026-03-20T13:06:05.616932"",""2026-03-20T13:06:35.643464"",""2026-03-20T13:07:05.678496"",""2026-03-20T13:07:35.703114"",""2026-03-20T13:08:05.729846"",""2026-03-20T13:08:35.756546"",""2026-03-20T13:09:05.783684"",""2026-03-20T13:09:35.813570"",""2026-03-20T13:10:05.841228"",""2026-03-20T13:10:35.866452"",""2026-03-20T13:11:05.901178"",""2026-03-20T13:11:35.925976"",""2026-03-20T13:12:05.955302"",""2026-03-20T13:12:35.984157"",""2026-03-20T13:13:06.010440"",""2026-03-20T13:13:36.038170"",""2026-03-20T13:14:06.065168"",""2026-03-20T13:14:36.092948"",""2026-03-20T13:15:03.518236"",""2026-03-20T13:23:00.915525"",""2026-03-20T13:23:06.199690"",""2026-03-20T13:23:30.959552"",""2026-03-20T13:23:36.216233"",""2026-03-20T13:24:00.973813"",""2026-03-20T13:24:06.235479"",""2026-03-20T13:24:30.996042"",""2026-03-20T13:24:36.252990"",""2026-03-20T13:25:01.020800"",""2026-03-20T13:25:06.277092"",""2026-03-20T13:25:31.051926"",""2026-03-20T13:25:36.307093"",""2026-03-20T13:26:01.079783"",""2026-03-20T13:26:06.329740"",""2026-03-20T13:26:31.109761"",""2026-03-20T13:26:36.357203"",""2026-03-20T13:27:01.135850"",""2026-03-20T13:27:06.388289"",""2026-03-20T13:27:31.159316"",""2026-03-20T13:27:36.417796"",""2026-03-20T13:28:01.183273"",""2026-03-20T13:28:06.440850"",""2026-03-20T13:28:31.213375"",""2026-03-20T13:28:36.466601"",""2026-03-20T13:29:01.244518"",""2026-03-20T13:29:06.490042"",""2026-03-20T13:29:31.272458"",""2026-03-20T13:29:36.510772"",""2026-03-20T13:30:01.300561"",""2026-03-20T13:30:06.536897"",""2026-03-20T13:30:31.328406"",""2026-03-20T13:30:36.562262"",""2026-03-20T13:31:01.356550"",""2026-03-20T13:31:06.585227"",""2026-03-20T13:31:31.382252"",""2026-03-20T13:31:36.612756"",""2026-03-20T13:32:01.405508"",""2026-03-20T13:32:06.642651"",""2026-03-20T13:32:31.437118"",""2026-03-20T13:32:36.667726"",""2026-03-20T13:33:01.458946"",""2026-03-20T13:33:06.693021"",""2026-03-20T13:33:31.491822"",""2026-03-20T13:33:36.723028"",""2026-03-20T13:34:01.514951"",""2026-03-20T13:34:06.747872"",""2026-03-20T13:34:31.542967"",""2026-03-20T13:34:36.775214"",""2026-03-20T13:35:01.564265"",""2026-03-20T13:35:06.803652"",""2026-03-20T13:35:31.600253"",""2026-03-20T13:35:36.837058"",""2026-03-20T13:36:01.628122"",""2026-03-20T13:36:06.862431"",""2026-03-20T13:36:31.656579"",""2026-03-20T13:36:36.890887"",""2026-03-20T13:37:01.681270"",""2026-03-20T13:37:06.920103"",""2026-03-20T13:37:31.710419"",""2026-03-20T13:37:36.945586"",""2026-03-20T13:38:01.733392"",""2026-03-20T13:38:06.970409"",""2026-03-20T13:38:31.760288"",""2026-03-20T13:38:36.996025"",""2026-03-20T13:39:01.786630"",""2026-03-20T13:39:07.021733"",""2026-03-20T13:39:31.814269"",""2026-03-20T13:39:37.047526"",""2026-03-20T13:40:01.840716"",""2026-03-20T13:40:07.073231"",""2026-03-20T13:40:31.876358"",""2026-03-20T13:40:37.102856"",""2026-03-20T13:41:02.202908"",""2026-03-20T13:41:07.129304"",""2026-03-20T13:41:32.232100"",""2026-03-20T13:41:37.155487"",""2026-03-20T13:42:02.257541"",""2026-03-20T13:42:07.181494"",""2026-03-20T13:42:32.284236"",""2026-03-20T13:42:37.210127"",""2026-03-20T13:43:02.305454"",""2026-03-20T13:43:07.235452"",""2026-03-20T13:43:32.342531"",""2026-03-20T13:43:37.260868"",""2026-03-20T13:44:02.374483"",""2026-03-20T13:44:07.288795"",""2026-03-20T13:44:32.401957"",""2026-03-20T13:44:37.318648"",""2026-03-20T13:45:02.425378"",""2026-03-20T13:45:07.346838"",""2026-03-20T13:45:32.451283"",""2026-03-20T13:45:37.372569"",""2026-03-20T13:46:02.475504"",""2026-03-20T13:46:07.397013"",""2026-03-20T13:46:32.505015"",""2026-03-20T13:46:37.424207"",""2026-03-20T13:47:02.531555"",""2026-03-20T13:47:07.450746"",""2026-03-20T13:47:32.561035"",""2026-03-20T13:47:37.478961"",""2026-03-20T13:48:02.585376"",""2026-03-20T13:48:07.507522"",""2026-03-20T13:48:32.615954"",""2026-03-20T13:48:37.538524"",""2026-03-20T13:49:02.646652"",""2026-03-20T13:49:07.561155"",""2026-03-20T13:49:32.682247"",""2026-03-20T13:49:37.585641"",""2026-03-20T13:50:02.709746"",""2026-03-20T13:50:07.610717"",""2026-03-20T13:50:32.738323"",""2026-03-20T13:50:37.635483"",""2026-03-20T13:51:02.765101"",""2026-03-20T13:51:07.659129"",""2026-03-20T13:51:32.795638"",""2026-03-20T13:51:37.685865"",""2026-03-20T13:52:02.821259"",""2026-03-20T13:52:07.714508"",""2026-03-20T13:52:32.850294"",""2026-03-20T13:52:37.741120"",""2026-03-20T13:53:02.877459"",""2026-03-20T13:53:07.770042"",""2026-03-20T13:53:32.905281"",""2026-03-20T13:53:37.800079"",""2026-03-20T13:54:02.935559"",""2026-03-20T13:54:07.827239"",""2026-03-20T13:54:32.963101"",""2026-03-20T13:54:37.853734"",""2026-03-20T13:55:02.991149"",""2026-03-20T13:55:07.875576"",""2026-03-20T13:55:33.018549"",""2026-03-20T13:55:37.903783"",""2026-03-20T13:56:03.046104"",""2026-03-20T13:56:07.927711"",""2026-03-20T13:56:33.076388"",""2026-03-20T13:56:37.953329"",""2026-03-20T13:57:03.103950"",""2026-03-20T13:57:07.982768"",""2026-03-20T13:57:33.137522"",""2026-03-20T13:57:38.009204"",""2026-03-20T13:58:03.166872"",""2026-03-20T13:58:08.036492"",""2026-03-20T13:58:33.196372"",""2026-03-20T13:58:38.063154"",""2026-03-20T13:59:03.228592"",""2026-03-20T13:59:08.087877"",""2026-03-20T13:59:33.254933"",""2026-03-20T13:59:38.120310"",""2026-03-20T14:00:03.280151"",""2026-03-20T14:00:08.145761"",""2026-03-20T14:00:33.308616"",""2026-03-20T14:00:38.173217"",""2026-03-20T14:01:03.336097"",""2026-03-20T14:01:08.201979"",""2026-03-20T14:01:33.366843"",""2026-03-20T14:01:38.231930"",""2026-03-20T14:02:03.399714"",""2026-03-20T14:02:08.259513"",""2026-03-20T14:02:33.433987"",""2026-03-20T14:02:38.287359"",""2026-03-20T14:03:03.471373"",""2026-03-20T14:03:08.311885"",""2026-03-20T14:03:33.501263"",""2026-03-20T14:03:38.336632"",""2026-03-20T14:04:03.535300"",""2026-03-20T14:04:08.363334"",""2026-03-20T14:04:33.567317"",""2026-03-20T14:04:38.391187"",""2026-03-20T14:05:03.596909"",""2026-03-20T14:05:08.420233"",""2026-03-20T14:05:33.627405"",""2026-03-20T14:05:38.448519"",""2026-03-20T14:06:03.654880"",""2026-03-20T14:06:08.475029"",""2026-03-20T14:06:33.683711"",""2026-03-20T14:06:38.499035"",""2026-03-20T14:07:03.718485"",""2026-03-20T14:07:08.525454"",""2026-03-20T14:07:33.747405"",""2026-03-20T14:07:38.555002"",""2026-03-20T14:08:03.773445"",""2026-03-20T14:08:08.582559"",""2026-03-20T14:08:33.805724"",""2026-03-20T14:08:38.610365"",""2026-03-20T14:09:00.485677"",""2026-03-20T14:16:34.335909"",""2026-03-20T14:16:38.875089"",""2026-03-20T14:17:04.364184"",""2026-03-20T14:17:08.901472"",""2026-03-20T14:17:34.392731"",""2026-03-20T14:17:38.930413"",""2026-03-20T14:18:04.418706"",""2026-03-20T14:18:08.962009"",""2026-03-20T14:18:34.449488"",""2026-03-20T14:18:38.995408"",""2026-03-20T14:19:04.471223"",""2026-03-20T14:19:09.028717"",""2026-03-20T14:19:34.500651"",""2026-03-20T14:19:39.061149"",""2026-03-20T14:20:04.533524"",""2026-03-20T14:20:09.094637"",""2026-03-20T14:20:34.562774"",""2026-03-20T14:20:39.130014"",""2026-03-20T14:21:04.590056"",""2026-03-20T14:21:09.163629"",""2026-03-20T14:21:34.625521"",""2026-03-20T14:21:39.198968"",""2026-03-20T14:22:04.652382"",""2026-03-20T14:22:09.230438"",""2026-03-20T14:22:34.684314"",""2026-03-20T14:22:39.258885"",""2026-03-20T14:23:04.713927"",""2026-03-20T14:23:09.287203"",""2026-03-20T14:23:34.746391"",""2026-03-20T14:23:39.318348"",""2026-03-20T14:24:04.771541"",""2026-03-20T14:24:09.343232"",""2026-03-20T14:24:34.802880"",""2026-03-20T14:24:39.369557"",""2026-03-20T14:25:04.831340"",""2026-03-20T14:25:09.400599"",""2026-03-20T14:25:34.862345"",""2026-03-20T14:25:39.430176"",""2026-03-20T14:26:04.890013"",""2026-03-20T14:26:09.458666"",""2026-03-20T14:26:34.919084"",""2026-03-20T14:26:39.492901"",""2026-03-20T14:27:04.951048"",""2026-03-20T14:27:09.516891"",""2026-03-20T14:27:34.990918"",""2026-03-20T14:27:39.546539"",""2026-03-20T14:28:05.016690"",""2026-03-20T14:28:09.574343"",""2026-03-20T14:28:35.045195"",""2026-03-20T14:28:39.601887"",""2026-03-20T14:29:05.071135"",""2026-03-20T14:29:09.627552"",""2026-03-20T14:29:35.099282"",""2026-03-20T14:29:39.650680"",""2026-03-20T14:30:05.129162"",""2026-03-20T14:30:09.674786"",""2026-03-20T14:30:35.160863"",""2026-03-20T14:30:39.702174"",""2026-03-20T14:31:05.188070"",""2026-03-20T14:31:09.728872"",""2026-03-20T14:31:35.223849"",""2026-03-20T14:31:39.755348"",""2026-03-20T14:32:05.253822"",""2026-03-20T14:32:09.782225"",""2026-03-20T14:32:35.284161"",""2026-03-20T14:32:39.810190"",""2026-03-20T14:33:05.309964"",""2026-03-20T14:33:09.839923"",""2026-03-20T14:33:19.523638"",""2026-03-20T14:37:37.878832"",""2026-03-20T14:39:30.532944"",""2026-03-20T14:43:30.480906"",""2026-03-20T14:46:48.397514"",""2026-03-20T14:54:20.958756"",""2026-03-20T15:00:01.621169"",""2026-03-20T15:08:46.587137"",""2026-03-20T15:14:53.162895"",""2026-03-20T15:16:59.430261"",""2026-03-20T15:19:35.005353"",""2026-03-20T15:21:52.205542"",""2026-03-20T15:24:46.418046"",""2026-03-20T15:31:56.186415"",""2026-03-20T15:41:08.403389"",""2026-03-20T15:41:12.414606"",""2026-03-20T15:41:38.447860"",""2026-03-20T15:41:42.452335"",""2026-03-20T15:42:08.505308"",""2026-03-20T15:42:12.492075"",""2026-03-20T15:42:38.561724"",""2026-03-20T15:42:42.532308"",""2026-03-20T15:43:08.598723"",""2026-03-20T15:43:12.565487"",""2026-03-20T15:43:38.636714"",""2026-03-20T15:43:42.603918"",""2026-03-20T15:44:08.675766"",""2026-03-20T15:44:12.643783"",""2026-03-20T15:44:38.719075""],""occurrences"":530},""minimal_activity"":{""severity"":""CRITICAL"",""last_seen"":""2026-03-20T10:14:40.425015+00:00"",""confidence"":0.9869,""timestamps"":[""2026-03-20T10:35:27.885203"",""2026-03-20T10:35:57.900523"",""2026-03-20T10:36:27.914371"",""2026-03-20T10:36:57.927923"",""2026-03-20T10:37:27.942464"",""2026-03-20T10:37:57.957433"",""2026-03-20T10:38:27.972814"",""2026-03-20T10:38:57.992129"",""2026-03-20T10:39:28.015309"",""2026-03-20T10:39:58.043056"",""2026-03-20T10:40:28.073571"",""2026-03-20T10:40:58.102034"",""2026-03-20T10:41:28.133005"",""2026-03-20T10:41:58.171896"",""2026-03-20T10:42:28.198395"",""2026-03-20T10:42:58.238960"",""2026-03-20T10:43:28.267575"",""2026-03-20T10:43:58.298094"",""2026-03-20T10:44:28.336877"",""2026-03-20T10:44:58.369175"",""2026-03-20T10:45:28.402321"",""2026-03-20T10:45:58.437316"",""2026-03-20T10:46:28.471392"",""2026-03-20T10:46:58.512013"",""2026-03-20T10:47:28.546941"",""2026-03-20T10:47:58.574050"",""2026-03-20T10:48:28.615089"",""2026-03-20T10:48:58.653185"",""2026-03-20T10:49:28.687065"",""2026-03-20T10:49:58.723464"",""2026-03-20T10:50:28.761796"",""2026-03-20T10:50:58.791933"",""2026-03-20T10:51:28.822023"",""2026-03-20T10:51:58.862647"",""2026-03-20T10:52:28.893514"",""2026-03-20T10:52:58.923489"",""2026-03-20T10:53:28.960214"",""2026-03-20T10:53:58.996434"",""2026-03-20T10:54:29.032121"",""2026-03-20T10:54:59.066855"",""2026-03-20T10:55:29.098473"",""2026-03-20T10:55:59.129271"",""2026-03-20T10:56:29.166392"",""2026-03-20T10:56:59.201172"",""2026-03-20T10:57:29.243230"",""2026-03-20T10:57:59.276586"",""2026-03-20T10:58:29.313798"",""2026-03-20T10:58:59.352767"",""2026-03-20T10:59:29.381739"",""2026-03-20T10:59:59.409948"",""2026-03-20T11:00:29.425382"",""2026-03-20T11:00:59.445121"",""2026-03-20T11:01:29.459496"",""2026-03-20T11:01:59.476284"",""2026-03-20T11:02:29.491940"",""2026-03-20T11:02:59.509949"",""2026-03-20T11:03:29.524365"",""2026-03-20T11:03:59.542620"",""2026-03-20T11:04:29.556524"",""2026-03-20T11:04:59.573368"",""2026-03-20T11:05:29.591546"",""2026-03-20T11:05:59.610116"",""2026-03-20T11:06:29.625842"",""2026-03-20T11:06:59.639864"",""2026-03-20T11:07:29.655782"",""2026-03-20T11:07:59.671592"",""2026-03-20T11:08:29.686400"",""2026-03-20T11:08:59.705612"",""2026-03-20T11:09:29.718998"",""2026-03-20T11:09:59.734743"",""2026-03-20T11:10:29.750780"",""2026-03-20T11:10:59.767556"",""2026-03-20T11:11:29.782416"",""2026-03-20T11:11:59.802028"",""2026-03-20T11:12:29.822268"",""2026-03-20T11:12:59.852383"",""2026-03-20T11:13:29.880523"",""2026-03-20T11:13:59.907193"",""2026-03-20T11:14:29.929209"",""2026-03-20T11:14:59.967052"",""2026-03-20T11:15:29.993953"",""2026-03-20T11:16:00.018690"",""2026-03-20T11:16:30.042863"",""2026-03-20T11:17:00.070225"",""2026-03-20T11:17:30.096191"",""2026-03-20T11:18:00.124828"",""2026-03-20T11:18:30.147357"",""2026-03-20T11:19:00.174847"",""2026-03-20T11:19:30.206194"",""2026-03-20T11:20:00.233146"",""2026-03-20T11:20:30.258652"",""2026-03-20T11:21:00.290018"",""2026-03-20T11:21:30.316615"",""2026-03-20T11:22:00.350034"",""2026-03-20T11:22:30.376034"",""2026-03-20T11:23:00.401297"",""2026-03-20T11:23:30.432880"",""2026-03-20T11:24:00.461377"",""2026-03-20T11:24:30.489353"",""2026-03-20T11:25:00.518064"",""2026-03-20T11:25:30.546317"",""2026-03-20T11:26:00.579036"",""2026-03-20T11:26:30.604815"",""2026-03-20T11:27:00.634348"",""2026-03-20T11:27:30.659733"",""2026-03-20T11:28:00.684818"",""2026-03-20T11:28:30.714607"",""2026-03-20T11:29:00.743793"",""2026-03-20T11:29:30.772443"",""2026-03-20T11:30:00.792681"",""2026-03-20T11:30:30.824059"",""2026-03-20T11:31:00.852558"",""2026-03-20T11:31:30.877357"",""2026-03-20T11:32:00.912370"",""2026-03-20T11:32:30.933565"",""2026-03-20T11:33:00.955498"",""2026-03-20T11:33:30.984143"",""2026-03-20T11:34:01.016045"",""2026-03-20T11:34:31.039005"",""2026-03-20T11:35:01.067838"",""2026-03-20T11:35:31.088618"",""2026-03-20T11:36:01.121470"",""2026-03-20T11:36:31.148885"",""2026-03-20T11:37:01.172632"",""2026-03-20T11:37:31.201253"",""2026-03-20T11:38:01.216385"",""2026-03-20T11:38:31.232952"",""2026-03-20T11:39:01.250057"",""2026-03-20T11:39:31.267296"",""2026-03-20T11:40:01.292339"",""2026-03-20T11:40:31.309782"",""2026-03-20T11:41:01.323138"",""2026-03-20T11:41:31.339016"",""2026-03-20T11:42:01.357625"",""2026-03-20T11:42:31.373455"",""2026-03-20T11:43:01.395553"",""2026-03-20T11:43:31.410676"",""2026-03-20T11:44:01.432130"",""2026-03-20T11:44:31.446545"",""2026-03-20T11:45:01.471125"",""2026-03-20T11:45:31.499104"",""2026-03-20T11:46:01.525007"",""2026-03-20T11:46:31.551248"",""2026-03-20T11:47:01.589353"",""2026-03-20T11:47:31.615621"",""2026-03-20T11:48:01.649571"",""2026-03-20T11:48:31.673904"",""2026-03-20T11:49:01.703672"",""2026-03-20T11:49:31.727597"",""2026-03-20T11:50:01.757254"",""2026-03-20T11:50:31.775318"",""2026-03-20T11:51:01.814185"",""2026-03-20T11:51:31.839194"",""2026-03-20T11:52:01.863578"",""2026-03-20T11:52:31.894717"",""2026-03-20T11:53:01.919052"",""2026-03-20T11:53:31.936659"",""2026-03-20T11:54:01.969719"",""2026-03-20T11:54:31.996144"",""2026-03-20T11:55:02.024138"",""2026-03-20T11:55:32.049740"",""2026-03-20T11:56:02.081124"",""2026-03-20T11:56:32.105734"",""2026-03-20T11:57:02.132069"",""2026-03-20T11:57:32.146273"",""2026-03-20T11:58:02.168360"",""2026-03-20T11:58:32.185635"",""2026-03-20T11:59:02.198034"",""2026-03-20T11:59:32.209733"",""2026-03-20T12:00:02.232867"",""2026-03-20T12:00:32.247209"",""2026-03-20T12:01:02.261879"",""2026-03-20T12:01:32.276314"",""2026-03-20T12:02:02.294511"",""2026-03-20T12:02:32.314527"",""2026-03-20T12:03:02.330697"",""2026-03-20T12:03:32.346348"",""2026-03-20T12:04:02.362073"",""2026-03-20T12:04:32.381689"",""2026-03-20T12:05:02.395473"",""2026-03-20T12:05:32.413612"",""2026-03-20T12:06:02.431325"",""2026-03-20T12:06:32.446453"",""2026-03-20T12:07:02.469469"",""2026-03-20T12:07:32.483745"",""2026-03-20T12:08:02.502620"",""2026-03-20T12:08:32.518324"",""2026-03-20T12:09:02.535973"",""2026-03-20T12:09:32.551550"",""2026-03-20T12:10:02.567381"",""2026-03-20T12:10:32.582566"",""2026-03-20T12:11:02.601498"",""2026-03-20T12:11:32.615765"",""2026-03-20T12:12:02.635342"",""2026-03-20T12:12:32.650339"",""2026-03-20T12:13:02.688091"",""2026-03-20T12:13:32.714922"",""2026-03-20T12:14:02.738266"",""2026-03-20T12:14:32.764673"",""2026-03-20T12:15:02.795023"",""2026-03-20T12:15:32.820785"",""2026-03-20T12:16:02.847439"",""2026-03-20T12:16:32.871632"",""2026-03-20T12:17:02.900376"",""2026-03-20T12:17:32.927446"",""2026-03-20T12:18:02.953904"",""2026-03-20T12:18:32.978924"",""2026-03-20T12:19:03.012569"",""2026-03-20T12:19:33.038111"",""2026-03-20T12:20:03.067470"",""2026-03-20T12:20:33.092890"",""2026-03-20T12:21:03.122627"",""2026-03-20T12:21:33.147909"",""2026-03-20T12:22:03.177600"",""2026-03-20T12:22:33.203852"",""2026-03-20T12:23:03.231005"",""2026-03-20T12:23:33.254257"",""2026-03-20T12:24:03.279332"",""2026-03-20T12:24:33.306629"",""2026-03-20T12:25:03.338954"",""2026-03-20T12:25:33.361084"",""2026-03-20T12:26:03.386863"",""2026-03-20T12:26:33.411590"",""2026-03-20T12:27:03.445915"",""2026-03-20T12:27:33.471526"",""2026-03-20T12:28:03.503510"",""2026-03-20T12:28:33.533150"",""2026-03-20T12:29:03.562573"",""2026-03-20T12:29:33.586539"",""2026-03-20T12:30:03.611078"",""2026-03-20T12:30:33.637739"",""2026-03-20T12:31:03.668050"",""2026-03-20T12:31:33.689650"",""2026-03-20T12:32:03.716358"",""2026-03-20T12:32:33.743108"",""2026-03-20T12:33:03.771227"",""2026-03-20T12:33:33.798371"",""2026-03-20T12:34:03.829774"",""2026-03-20T12:34:33.862261"",""2026-03-20T12:35:03.898310"",""2026-03-20T12:35:33.927461"",""2026-03-20T12:36:03.961506"",""2026-03-20T12:36:33.994281"",""2026-03-20T12:37:04.027502"",""2026-03-20T12:37:34.057942"",""2026-03-20T12:38:04.091856"",""2026-03-20T12:38:34.122770"",""2026-03-20T12:39:04.156232"",""2026-03-20T12:39:34.187464"",""2026-03-20T12:40:04.217679"",""2026-03-20T12:40:34.243231"",""2026-03-20T12:41:04.270423"",""2026-03-20T12:41:34.292662"",""2026-03-20T12:42:04.318260"",""2026-03-20T12:42:34.344748"",""2026-03-20T12:43:04.372530"",""2026-03-20T12:43:34.400886"",""2026-03-20T12:44:04.425898"",""2026-03-20T12:44:34.462599"",""2026-03-20T12:45:04.489507"",""2026-03-20T12:45:34.515507"",""2026-03-20T12:46:04.543509"",""2026-03-20T12:46:34.570783"",""2026-03-20T12:47:04.600013"",""2026-03-20T12:47:34.623358"",""2026-03-20T12:48:04.653891"",""2026-03-20T12:48:34.681161"",""2026-03-20T12:49:04.707100"",""2026-03-20T12:49:34.732056"",""2026-03-20T12:50:04.760329"",""2026-03-20T12:50:34.787186"",""2026-03-20T12:51:04.812860"",""2026-03-20T12:51:34.837732"",""2026-03-20T12:52:04.874230"",""2026-03-20T12:52:34.900325"",""2026-03-20T12:53:04.928523"",""2026-03-20T12:53:34.954333"",""2026-03-20T12:54:04.986499"",""2026-03-20T12:54:35.010905"",""2026-03-20T12:55:05.040176"",""2026-03-20T12:55:35.067446"",""2026-03-20T12:56:05.097811"",""2026-03-20T12:56:35.125923"",""2026-03-20T12:57:05.152127"",""2026-03-20T12:57:35.177905"",""2026-03-20T12:58:05.203768"",""2026-03-20T12:58:35.227339"",""2026-03-20T12:59:05.258805"",""2026-03-20T12:59:35.283329"",""2026-03-20T13:00:05.317230"",""2026-03-20T13:00:35.337626"",""2026-03-20T13:01:05.361992"",""2026-03-20T13:01:35.387535"",""2026-03-20T13:02:05.417366"",""2026-03-20T13:02:35.440668"",""2026-03-20T13:03:05.469257"",""2026-03-20T13:03:35.496070"",""2026-03-20T13:04:05.523547"",""2026-03-20T13:04:35.548036"",""2026-03-20T13:05:05.576211"",""2026-03-20T13:05:35.603122"",""2026-03-20T13:06:05.628209"",""2026-03-20T13:06:35.654542"",""2026-03-20T13:07:05.688981"",""2026-03-20T13:07:35.711741"",""2026-03-20T13:08:05.741791"",""2026-03-20T13:08:35.764100"",""2026-03-20T13:09:05.796488"",""2026-03-20T13:09:35.823816"",""2026-03-20T13:10:05.851143"",""2026-03-20T13:10:35.876885"",""2026-03-20T13:11:05.909059"",""2026-03-20T13:11:35.936470"",""2026-03-20T13:12:05.966575"",""2026-03-20T13:12:35.995197"",""2026-03-20T13:13:06.022027"",""2026-03-20T13:13:36.048699"",""2026-03-20T13:14:06.077831"",""2026-03-20T13:14:36.099697"",""2026-03-20T13:15:06.117920"",""2026-03-20T13:24:31.005427"",""2026-03-20T13:24:36.261179"",""2026-03-20T13:25:01.028368"",""2026-03-20T13:25:06.286693"",""2026-03-20T13:25:31.061168"",""2026-03-20T13:25:36.315127"",""2026-03-20T13:26:01.087703"",""2026-03-20T13:26:06.341179"",""2026-03-20T13:26:31.120626"",""2026-03-20T13:26:36.369039"",""2026-03-20T13:27:01.143453"",""2026-03-20T13:27:06.396933"",""2026-03-20T13:27:31.168806"",""2026-03-20T13:27:36.426418"",""2026-03-20T13:28:01.193285"",""2026-03-20T13:28:06.450984"",""2026-03-20T13:28:31.224598"",""2026-03-20T13:28:36.475753"",""2026-03-20T13:29:01.256212"",""2026-03-20T13:29:06.498260"",""2026-03-20T13:29:31.282866"",""2026-03-20T13:29:36.519708"",""2026-03-20T13:30:01.310825"",""2026-03-20T13:30:06.546093"",""2026-03-20T13:30:31.340215"",""2026-03-20T13:30:36.570213"",""2026-03-20T13:31:01.364208"",""2026-03-20T13:31:06.595352"",""2026-03-20T13:31:31.390450"",""2026-03-20T13:31:36.626684"",""2026-03-20T13:32:01.412376"",""2026-03-20T13:32:06.653238"",""2026-03-20T13:32:31.444274"",""2026-03-20T13:32:36.677044"",""2026-03-20T13:33:01.468381"",""2026-03-20T13:33:06.704601"",""2026-03-20T13:33:31.500393"",""2026-03-20T13:33:36.732479"",""2026-03-20T13:34:01.526558"",""2026-03-20T13:34:06.758617"",""2026-03-20T13:34:31.551102"",""2026-03-20T13:34:36.786735"",""2026-03-20T13:35:01.578097"",""2026-03-20T13:35:06.814090"",""2026-03-20T13:35:31.610172"",""2026-03-20T13:35:36.846550"",""2026-03-20T13:36:01.635272"",""2026-03-20T13:36:06.874011"",""2026-03-20T13:36:31.665190"",""2026-03-20T13:36:36.902386"",""2026-03-20T13:37:01.690248"",""2026-03-20T13:37:06.927157"",""2026-03-20T13:37:31.718203"",""2026-03-20T13:37:36.953206"",""2026-03-20T13:38:01.741233"",""2026-03-20T13:38:06.981026"",""2026-03-20T13:38:31.768717"",""2026-03-20T13:38:37.006814"",""2026-03-20T13:39:01.795504"",""2026-03-20T13:39:07.031443"",""2026-03-20T13:39:31.825236"",""2026-03-20T13:39:37.057201"",""2026-03-20T13:40:01.852513"",""2026-03-20T13:40:07.086360"",""2026-03-20T13:40:32.000367"",""2026-03-20T13:40:37.112740"",""2026-03-20T13:41:02.215595"",""2026-03-20T13:41:07.140037"",""2026-03-20T13:41:32.241111"",""2026-03-20T13:41:37.165560"",""2026-03-20T13:42:02.265481"",""2026-03-20T13:42:07.193195"",""2026-03-20T13:42:32.291003"",""2026-03-20T13:42:37.217136"",""2026-03-20T13:43:02.320803"",""2026-03-20T13:43:07.244284"",""2026-03-20T13:43:32.352451"",""2026-03-20T13:43:37.271526"",""2026-03-20T13:44:02.383417"",""2026-03-20T13:44:07.300034"",""2026-03-20T13:44:32.409414"",""2026-03-20T13:44:37.331006"",""2026-03-20T13:45:02.433128"",""2026-03-20T13:45:07.357637"",""2026-03-20T13:45:32.458990"",""2026-03-20T13:45:37.382378"",""2026-03-20T13:46:02.483136"",""2026-03-20T13:46:07.407661"",""2026-03-20T13:46:32.513910"",""2026-03-20T13:46:37.435271"",""2026-03-20T13:47:02.538216"",""2026-03-20T13:47:07.461254"",""2026-03-20T13:47:32.568079"",""2026-03-20T13:47:37.490270"",""2026-03-20T13:48:02.595082"",""2026-03-20T13:48:07.518172"",""2026-03-20T13:48:32.628453"",""2026-03-20T13:48:37.546084"",""2026-03-20T13:49:02.658999"",""2026-03-20T13:49:07.570251"",""2026-03-20T13:49:32.692393"",""2026-03-20T13:49:37.594660"",""2026-03-20T13:50:02.720571"",""2026-03-20T13:50:07.621489"",""2026-03-20T13:50:32.746940"",""2026-03-20T13:50:37.642622"",""2026-03-20T13:51:02.775601"",""2026-03-20T13:51:07.671219"",""2026-03-20T13:51:32.807905"",""2026-03-20T13:51:37.697885"",""2026-03-20T13:52:02.831582"",""2026-03-20T13:52:07.727352"",""2026-03-20T13:52:32.861203"",""2026-03-20T13:52:37.752946"",""2026-03-20T13:53:02.887805"",""2026-03-20T13:53:07.785264"",""2026-03-20T13:53:32.916694"",""2026-03-20T13:53:37.810789"",""2026-03-20T13:54:02.944663"",""2026-03-20T13:54:07.838675"",""2026-03-20T13:54:32.974230"",""2026-03-20T13:54:37.861158"",""2026-03-20T13:55:03.002172"",""2026-03-20T13:55:07.886577"",""2026-03-20T13:55:33.029037"",""2026-03-20T13:55:37.914656"",""2026-03-20T13:56:03.058041"",""2026-03-20T13:56:07.938949"",""2026-03-20T13:56:33.086997"",""2026-03-20T13:56:37.965506"",""2026-03-20T13:57:03.115890"",""2026-03-20T13:57:07.993884"",""2026-03-20T13:57:33.149816"",""2026-03-20T13:57:38.020546"",""2026-03-20T13:58:03.175786"",""2026-03-20T13:58:08.046997"",""2026-03-20T13:58:33.207133"",""2026-03-20T13:58:38.072704"",""2026-03-20T13:59:03.237101"",""2026-03-20T13:59:08.104470"",""2026-03-20T13:59:33.264937"",""2026-03-20T13:59:38.130865"",""2026-03-20T14:00:03.288060"",""2026-03-20T14:00:08.157100"",""2026-03-20T14:00:33.319109"",""2026-03-20T14:00:38.185301"",""2026-03-20T14:01:03.349019"",""2026-03-20T14:01:08.213444"",""2026-03-20T14:01:33.380692"",""2026-03-20T14:01:38.242412"",""2026-03-20T14:02:03.412209"",""2026-03-20T14:02:08.271441"",""2026-03-20T14:02:33.446394"",""2026-03-20T14:02:38.297608"",""2026-03-20T14:03:03.482396"",""2026-03-20T14:03:08.322146"",""2026-03-20T14:03:33.515319"",""2026-03-20T14:03:38.347594"",""2026-03-20T14:04:03.547955"",""2026-03-20T14:04:08.373695"",""2026-03-20T14:04:33.578971"",""2026-03-20T14:04:38.403704"",""2026-03-20T14:05:03.609600"",""2026-03-20T14:05:08.433595"",""2026-03-20T14:05:33.638143"",""2026-03-20T14:05:38.459719"",""2026-03-20T14:06:03.666555"",""2026-03-20T14:06:08.485033"",""2026-03-20T14:06:33.696639"",""2026-03-20T14:06:38.509267"",""2026-03-20T14:07:03.729043"",""2026-03-20T14:07:08.537038"",""2026-03-20T14:07:33.757550"",""2026-03-20T14:07:38.564865"",""2026-03-20T14:08:03.785029"",""2026-03-20T14:08:08.594139"",""2026-03-20T14:08:33.818115"",""2026-03-20T14:08:38.620869"",""2026-03-20T14:09:03.900059"",""2026-03-20T14:09:08.636381"",""2026-03-20T14:09:34.060416"",""2026-03-20T14:09:38.651344"",""2026-03-20T14:10:04.079611"",""2026-03-20T14:10:08.666634"",""2026-03-20T14:10:34.099506"",""2026-03-20T14:10:38.681347"",""2026-03-20T14:11:04.119182"",""2026-03-20T14:11:08.697299"",""2026-03-20T14:11:34.137610"",""2026-03-20T14:11:38.710154"",""2026-03-20T14:12:04.155861"",""2026-03-20T14:12:08.723498"",""2026-03-20T14:12:34.174000"",""2026-03-20T14:12:38.738633"",""2026-03-20T14:13:04.192981"",""2026-03-20T14:13:08.755112"",""2026-03-20T14:13:34.218929"",""2026-03-20T14:13:38.770956"",""2026-03-20T14:14:04.239526"",""2026-03-20T14:14:08.786263"",""2026-03-20T14:14:34.259845"",""2026-03-20T14:14:38.801750"",""2026-03-20T14:15:04.279449"",""2026-03-20T14:15:08.817080"",""2026-03-20T14:15:34.296282"",""2026-03-20T14:15:38.835887"",""2026-03-20T14:16:04.313083"",""2026-03-20T14:16:08.855766"",""2026-03-20T14:16:34.347455"",""2026-03-20T14:16:38.885417"",""2026-03-20T14:17:04.373206"",""2026-03-20T14:17:08.913292"",""2026-03-20T14:17:34.403390"",""2026-03-20T14:17:38.943991"",""2026-03-20T14:18:04.428617"",""2026-03-20T14:18:08.975660"",""2026-03-20T14:18:34.456997"",""2026-03-20T14:18:39.008806"",""2026-03-20T14:19:04.480907"",""2026-03-20T14:19:09.042051"",""2026-03-20T14:19:34.514065"",""2026-03-20T14:19:39.074411"",""2026-03-20T14:20:04.543961"",""2026-03-20T14:20:09.109463"",""2026-03-20T14:20:34.573933"",""2026-03-20T14:20:39.142773"",""2026-03-20T14:21:04.602416"",""2026-03-20T14:21:09.178033"",""2026-03-20T14:21:34.635707"",""2026-03-20T14:21:39.210721"",""2026-03-20T14:22:04.664167"",""2026-03-20T14:22:09.240375"",""2026-03-20T14:22:34.695960"",""2026-03-20T14:22:39.269619"",""2026-03-20T14:23:04.724160"",""2026-03-20T14:23:09.301036"",""2026-03-20T14:23:34.755594"",""2026-03-20T14:23:39.326313"",""2026-03-20T14:24:04.782034"",""2026-03-20T14:24:09.353586"",""2026-03-20T14:24:34.814423"",""2026-03-20T14:24:39.381873"",""2026-03-20T14:25:04.843261"",""2026-03-20T14:25:09.411310"",""2026-03-20T14:25:34.874365"",""2026-03-20T14:25:39.442340"",""2026-03-20T14:26:04.903606"",""2026-03-20T14:26:09.471341"",""2026-03-20T14:26:34.932907"",""2026-03-20T14:26:39.501615"",""2026-03-20T14:27:04.962774"",""2026-03-20T14:27:09.528412"",""2026-03-20T14:27:35.000094"",""2026-03-20T14:27:39.558100"",""2026-03-20T14:28:05.028676"",""2026-03-20T14:28:09.585974"",""2026-03-20T14:28:35.055514"",""2026-03-20T14:28:39.612334"",""2026-03-20T14:29:05.082548"",""2026-03-20T14:29:09.635602"",""2026-03-20T14:29:35.111908"",""2026-03-20T14:29:39.659713"",""2026-03-20T14:30:05.141431"",""2026-03-20T14:30:09.682322"",""2026-03-20T14:30:35.174259"",""2026-03-20T14:30:39.712855"",""2026-03-20T14:31:05.200836"",""2026-03-20T14:31:09.740898"",""2026-03-20T14:31:35.236940"",""2026-03-20T14:31:39.766977"",""2026-03-20T14:32:05.265110"",""2026-03-20T14:32:09.793744"",""2026-03-20T14:32:35.294940"",""2026-03-20T14:32:39.822543"",""2026-03-20T14:33:05.322473"",""2026-03-20T14:33:09.852531"",""2026-03-20T14:33:35.343393"",""2026-03-20T14:33:39.875597"",""2026-03-20T14:34:05.412877"",""2026-03-20T14:34:09.910103"",""2026-03-20T14:34:35.499473"",""2026-03-20T14:34:39.926089"",""2026-03-20T14:35:05.517702"",""2026-03-20T14:35:09.943687"",""2026-03-20T14:35:35.534771"",""2026-03-20T14:35:39.961450"",""2026-03-20T14:36:05.546127"",""2026-03-20T14:36:09.976113"",""2026-03-20T14:36:35.603284"",""2026-03-20T14:36:39.994437"",""2026-03-20T14:37:05.616711"",""2026-03-20T14:37:10.016805"",""2026-03-20T14:37:35.641079"",""2026-03-20T14:37:40.037267"",""2026-03-20T14:38:05.657584"",""2026-03-20T14:38:10.056707"",""2026-03-20T14:38:35.674965"",""2026-03-20T14:38:40.070603"",""2026-03-20T14:39:05.692809"",""2026-03-20T14:39:10.085553"",""2026-03-20T14:39:35.708712"",""2026-03-20T14:39:40.102859"",""2026-03-20T14:40:05.729953"",""2026-03-20T14:40:10.116124"",""2026-03-20T14:40:35.747353"",""2026-03-20T14:40:40.130430"",""2026-03-20T14:41:05.766386"",""2026-03-20T14:41:10.145072"",""2026-03-20T14:41:35.785329"",""2026-03-20T14:41:40.161626"",""2026-03-20T14:42:05.800797"",""2026-03-20T14:42:10.182985"",""2026-03-20T14:42:35.825586"",""2026-03-20T14:42:40.198369"",""2026-03-20T14:43:06.108118"",""2026-03-20T14:43:10.224399"",""2026-03-20T14:43:36.131147"",""2026-03-20T14:43:40.243737"",""2026-03-20T14:44:06.148650"",""2026-03-20T14:44:10.260022"",""2026-03-20T14:44:36.171672"",""2026-03-20T14:44:40.276246"",""2026-03-20T14:45:06.189823"",""2026-03-20T14:45:10.295958"",""2026-03-20T14:45:36.208637"",""2026-03-20T14:45:40.311368"",""2026-03-20T14:46:06.224589"",""2026-03-20T14:46:10.330910"",""2026-03-20T14:46:36.245919"",""2026-03-20T14:46:40.348664"",""2026-03-20T14:47:06.261886"",""2026-03-20T14:47:10.366040"",""2026-03-20T14:47:36.282027"",""2026-03-20T14:47:40.386132"",""2026-03-20T14:48:06.304996"",""2026-03-20T14:48:10.401613"",""2026-03-20T14:48:36.324845"",""2026-03-20T14:48:40.439767"",""2026-03-20T14:49:06.339033"",""2026-03-20T14:49:10.473952"",""2026-03-20T14:49:36.360779"",""2026-03-20T14:49:40.489888"",""2026-03-20T14:50:06.375717"",""2026-03-20T14:50:10.507300"",""2026-03-20T14:50:36.393479"",""2026-03-20T14:50:40.523224"",""2026-03-20T14:51:06.405930"",""2026-03-20T14:51:10.543130"",""2026-03-20T14:51:36.427114"",""2026-03-20T14:51:40.560436"",""2026-03-20T14:52:06.449023"",""2026-03-20T14:52:10.580092"",""2026-03-20T14:52:36.475048"",""2026-03-20T14:52:40.598066"",""2026-03-20T14:53:06.495262"",""2026-03-20T14:53:10.615459"",""2026-03-20T14:53:36.515828"",""2026-03-20T14:53:40.633072"",""2026-03-20T14:54:06.535059"",""2026-03-20T14:54:10.648843"",""2026-03-20T14:54:36.551609"",""2026-03-20T14:54:40.668086"",""2026-03-20T14:55:06.571337"",""2026-03-20T14:55:10.684348"",""2026-03-20T14:55:36.591040"",""2026-03-20T14:55:40.703065"",""2026-03-20T14:56:06.608021"",""2026-03-20T14:56:10.720395"",""2026-03-20T14:56:36.628735"",""2026-03-20T14:56:40.740848"",""2026-03-20T14:57:06.653199"",""2026-03-20T14:57:10.757221"",""2026-03-20T14:57:36.672226"",""2026-03-20T14:57:40.824068"",""2026-03-20T14:58:06.692907"",""2026-03-20T14:58:10.844273"",""2026-03-20T14:58:36.709915"",""2026-03-20T14:58:40.859499"",""2026-03-20T14:59:06.729533"",""2026-03-20T14:59:10.878626"",""2026-03-20T14:59:36.750965"",""2026-03-20T14:59:40.896515"",""2026-03-20T15:00:06.769355"",""2026-03-20T15:00:10.917503"",""2026-03-20T15:00:36.793409"",""2026-03-20T15:00:40.933344"",""2026-03-20T15:01:06.819288"",""2026-03-20T15:01:10.950128"",""2026-03-20T15:01:36.878079"",""2026-03-20T15:01:40.967110"",""2026-03-20T15:02:06.891055"",""2026-03-20T15:02:10.982062"",""2026-03-20T15:02:36.918532"",""2026-03-20T15:02:40.998058"",""2026-03-20T15:03:06.933975"",""2026-03-20T15:03:11.016603"",""2026-03-20T15:03:36.952397"",""2026-03-20T15:03:41.032138"",""2026-03-20T15:04:06.967133"",""2026-03-20T15:04:11.050776"",""2026-03-20T15:04:36.991826"",""2026-03-20T15:04:41.068123"",""2026-03-20T15:05:07.008210"",""2026-03-20T15:05:11.085358"",""2026-03-20T15:05:37.027683"",""2026-03-20T15:05:41.101464"",""2026-03-20T15:06:07.044268"",""2026-03-20T15:06:11.121278"",""2026-03-20T15:06:37.063576"",""2026-03-20T15:06:41.140800"",""2026-03-20T15:07:07.077774"",""2026-03-20T15:07:11.154120"",""2026-03-20T15:07:37.095459"",""2026-03-20T15:07:41.168052"",""2026-03-20T15:08:07.113293"",""2026-03-20T15:08:11.185672"",""2026-03-20T15:08:37.131886"",""2026-03-20T15:08:41.198626"",""2026-03-20T15:09:07.148592"",""2026-03-20T15:09:11.214803"",""2026-03-20T15:09:37.169560"",""2026-03-20T15:09:41.229928"",""2026-03-20T15:10:07.187648"",""2026-03-20T15:10:11.246742"",""2026-03-20T15:10:37.204660"",""2026-03-20T15:10:41.264918"",""2026-03-20T15:11:07.222653"",""2026-03-20T15:11:11.280467"",""2026-03-20T15:11:37.238900"",""2026-03-20T15:11:41.300746"",""2026-03-20T15:12:07.254456"",""2026-03-20T15:12:11.317111"",""2026-03-20T15:12:37.273347"",""2026-03-20T15:12:41.335374"",""2026-03-20T15:13:07.291772"",""2026-03-20T15:13:11.351194"",""2026-03-20T15:13:37.315223"",""2026-03-20T15:13:41.369405"",""2026-03-20T15:14:07.330281"",""2026-03-20T15:14:11.395350"",""2026-03-20T15:14:37.349201"",""2026-03-20T15:14:41.414620"",""2026-03-20T15:15:07.365548"",""2026-03-20T15:15:11.435294"",""2026-03-20T15:15:37.388965"",""2026-03-20T15:15:41.456480"",""2026-03-20T15:16:07.408186"",""2026-03-20T15:16:11.481028"",""2026-03-20T15:16:37.425564"",""2026-03-20T15:16:41.497986"",""2026-03-20T15:17:07.441478"",""2026-03-20T15:17:11.515578"",""2026-03-20T15:17:37.458809"",""2026-03-20T15:17:41.532193"",""2026-03-20T15:18:07.474171"",""2026-03-20T15:18:11.549310"",""2026-03-20T15:18:37.498635"",""2026-03-20T15:18:41.567090"",""2026-03-20T15:19:07.517141"",""2026-03-20T15:19:11.582854"",""2026-03-20T15:19:37.535352"",""2026-03-20T15:19:41.600188"",""2026-03-20T15:20:07.552664"",""2026-03-20T15:20:11.617748"",""2026-03-20T15:20:37.573184"",""2026-03-20T15:20:41.635762"",""2026-03-20T15:21:07.591428"",""2026-03-20T15:21:11.655601"",""2026-03-20T15:21:37.606640"",""2026-03-20T15:21:41.672019"",""2026-03-20T15:22:07.626552"",""2026-03-20T15:22:11.687755"",""2026-03-20T15:22:37.650905"",""2026-03-20T15:22:41.705260"",""2026-03-20T15:23:07.666784"",""2026-03-20T15:23:11.726834"",""2026-03-20T15:23:37.688483"",""2026-03-20T15:23:41.743571"",""2026-03-20T15:24:07.707470"",""2026-03-20T15:24:11.761660"",""2026-03-20T15:24:37.727637"",""2026-03-20T15:24:41.779278"",""2026-03-20T15:25:07.747192"",""2026-03-20T15:25:11.795902"",""2026-03-20T15:25:37.771806"",""2026-03-20T15:25:41.811650"",""2026-03-20T15:26:07.791553"",""2026-03-20T15:26:11.828803"",""2026-03-20T15:26:37.812193"",""2026-03-20T15:26:41.842778"",""2026-03-20T15:27:07.829941"",""2026-03-20T15:27:11.864570"",""2026-03-20T15:27:37.847862"",""2026-03-20T15:27:41.878776"",""2026-03-20T15:28:07.865261"",""2026-03-20T15:28:11.901799"",""2026-03-20T15:28:37.886808"",""2026-03-20T15:28:41.920521"",""2026-03-20T15:29:07.904586"",""2026-03-20T15:29:11.937841"",""2026-03-20T15:29:37.924734"",""2026-03-20T15:29:41.954216"",""2026-03-20T15:30:07.943369"",""2026-03-20T15:30:11.972516"",""2026-03-20T15:30:37.960225"",""2026-03-20T15:30:41.989706"",""2026-03-20T15:31:07.980032"",""2026-03-20T15:31:12.007076"",""2026-03-20T15:31:38.003481"",""2026-03-20T15:31:42.024732"",""2026-03-20T15:32:08.019178"",""2026-03-20T15:32:12.041563"",""2026-03-20T15:32:38.044413"",""2026-03-20T15:32:42.058192"",""2026-03-20T15:33:08.063419"",""2026-03-20T15:33:12.074335"",""2026-03-20T15:33:38.078952"",""2026-03-20T15:33:42.090169"",""2026-03-20T15:34:08.093804"",""2026-03-20T15:34:12.109242"",""2026-03-20T15:34:38.115404"",""2026-03-20T15:34:42.136033"",""2026-03-20T15:35:08.134640"",""2026-03-20T15:35:12.153438"",""2026-03-20T15:35:38.157550"",""2026-03-20T15:35:42.177531"",""2026-03-20T15:36:08.176469"",""2026-03-20T15:36:12.194091"",""2026-03-20T15:36:38.203165"",""2026-03-20T15:36:42.212398"",""2026-03-20T15:37:08.221306"",""2026-03-20T15:37:12.232740"",""2026-03-20T15:37:38.242417"",""2026-03-20T15:37:42.255746"",""2026-03-20T15:38:08.264581"",""2026-03-20T15:38:12.279277"",""2026-03-20T15:38:38.290323"",""2026-03-20T15:38:42.303984"",""2026-03-20T15:39:08.311448"",""2026-03-20T15:39:12.324088"",""2026-03-20T15:39:38.333676"",""2026-03-20T15:39:42.345253"",""2026-03-20T15:40:08.357773"",""2026-03-20T15:40:12.368231"",""2026-03-20T15:40:38.379303"",""2026-03-20T15:40:42.390258"",""2026-03-20T15:41:08.420357"",""2026-03-20T15:41:12.429230"",""2026-03-20T15:41:38.480933"",""2026-03-20T15:41:42.465237"",""2026-03-20T15:42:08.539266"",""2026-03-20T15:42:12.508111"",""2026-03-20T15:42:38.578677"",""2026-03-20T15:42:42.546970"",""2026-03-20T15:43:08.613029"",""2026-03-20T15:43:12.581198"",""2026-03-20T15:43:38.651658"",""2026-03-20T15:43:42.619161"",""2026-03-20T15:44:08.693721"",""2026-03-20T15:44:12.656744"",""2026-03-20T15:44:38.735847""],""occurrences"":881},""clock_in_clock_out"":{""severity"":""CRITICAL"",""last_seen"":""2026-03-20T10:14:47.021389+00:00"",""confidence"":0.9345,""timestamps"":[""2026-03-20T10:40:28.079606"",""2026-03-20T10:40:58.110765"",""2026-03-20T10:41:28.143461"",""2026-03-20T10:41:58.171896"",""2026-03-20T10:42:28.214147"",""2026-03-20T10:42:58.249467"",""2026-03-20T10:43:28.277971"",""2026-03-20T10:43:58.311746"",""2026-03-20T10:44:28.347138"",""2026-03-20T10:44:58.378374"",""2026-03-20T10:45:28.418405"",""2026-03-20T10:45:58.446836"",""2026-03-20T10:46:28.481630"",""2026-03-20T10:46:58.512363"",""2026-03-20T10:47:28.551391"",""2026-03-20T10:47:58.584706"",""2026-03-20T10:48:28.625532"",""2026-03-20T10:48:58.656239"",""2026-03-20T10:49:28.699606"",""2026-03-20T10:49:58.730053"",""2026-03-20T10:50:28.772571"",""2026-03-20T10:50:58.802319"",""2026-03-20T10:51:28.837950"",""2026-03-20T10:51:58.871758"",""2026-03-20T10:52:28.904168"",""2026-03-20T10:52:58.935791"",""2026-03-20T10:53:28.972703"",""2026-03-20T10:53:58.998596"",""2026-03-20T10:54:29.038126"",""2026-03-20T10:54:59.074959"",""2026-03-20T10:55:29.104859"",""2026-03-20T10:55:59.139658"",""2026-03-20T10:56:29.181826"",""2026-03-20T10:56:59.211367"",""2026-03-20T10:57:29.253690"",""2026-03-20T10:57:59.286996"",""2026-03-20T10:58:29.324350"",""2026-03-20T10:58:59.360997"",""2026-03-20T10:59:29.395040""],""occurrences"":39}}",2026-03-20 05:10:15.814218+00,2026-03-20 10:14:47.021389+00,false,,,,2026-03-20 05:10:16.533494+00
de344f45-34ef-472f-a4ba-950e9c30f290,0b8b2599-074a-4aef-9317-24ea1e1e5f2a,e1000000-0000-0000-0000-000000000004,CRITICAL,0.95,"{""suspicious_paste"":{""severity"":""CRITICAL"",""last_seen"":""2026-03-19T12:35:28.688297+00:00"",""confidence"":0.95,""timestamps"":[""2026-03-19T18:04:35.681692""],""occurrences"":1}}",2026-03-19 12:35:28.688297+00,2026-03-19 12:35:28.688297+00,false,,,,2026-03-19 12:35:03.82712+00
f068856c-028c-4ecb-b709-3dfd6f1ae906,de0138bc-594b-446f-bece-64131313ad77,7655942d-098c-472a-a03d-bb2d96e0450d,CRITICAL,1.00,"{""rapid_paste"":{""severity"":""HIGH"",""last_seen"":""2026-04-14T12:23:54.995211+00:00"",""confidence"":0.8,""timestamps"":[""2026-04-14T17:39:19.850821"",""2026-04-14T17:39:22.804623"",""2026-04-14T17:39:22.960633"",""2026-04-14T17:39:25.564683"",""2026-04-14T17:39:26.438128"",""2026-04-14T17:39:26.917193"",""2026-04-14T17:39:27.073694"",""2026-04-14T17:39:27.309189""],""occurrences"":8},""keyboard_sitting"":{""severity"":""MEDIUM"",""last_seen"":""2026-04-14T12:23:58.490667+00:00"",""confidence"":0.75,""timestamps"":[""2026-04-14T17:41:47.139016""],""occurrences"":1},""paste_heavy_work"":{""severity"":""CRITICAL"",""last_seen"":""2026-04-14T12:23:57.264113+00:00"",""confidence"":1,""timestamps"":[""2026-04-14T17:40:47.543148"",""2026-04-14T17:41:17.600862""],""occurrences"":2},""suspicious_paste"":{""severity"":""CRITICAL"",""last_seen"":""2026-04-14T12:23:59.733016+00:00"",""confidence"":0.95,""timestamps"":[""2026-04-14T17:50:21.951272""],""occurrences"":1}}",2026-04-14 12:10:21.908432+00,2026-04-14 12:23:59.733016+00,true,7655942d-098c-472a-a03d-bb2d96e0450d,2026-04-15 18:36:17.117402+00,warning_issued,2026-04-14 12:09:45.053255+00
f60276f3-f05d-4e0c-bb80-9cbe66c5d75b,05dc1960-999c-5ee2-a9f8-42c09f9d3861,e1000000-0000-0000-0000-000000000003,CRITICAL,0.88,"{""rapid_paste"":{""severity"":""CRITICAL"",""confidence"":0.9,""occurrences"":7},""keyboard_sitting"":{""severity"":""HIGH"",""confidence"":0.85,""occurrences"":3}}",2026-02-23 18:35:13.182368+00,2026-02-23 23:20:00+00,true,a1000000-0000-0000-0000-000000000001,2026-02-25 07:35:13.182368+00,warning_issued,2026-03-18 07:35:13.182368+00
fa599360-c58c-4463-85bd-9b36c302570b,6df05c83-b8f6-43a3-8660-7856124405f0,0538b32c-c891-41bd-a82e-b150f09fc50e,CRITICAL,1.00,"{""long_idle"":{""severity"":""CRITICAL"",""last_seen"":""2026-04-14T17:55:08.528045+00:00"",""confidence"":1,""timestamps"":[""2026-04-14T23:19:50.896257"",""2026-04-14T23:21:35.568913"",""2026-04-14T23:24:21.288299""],""occurrences"":3},""rapid_paste"":{""severity"":""HIGH"",""last_seen"":""2026-04-14T17:55:07.051451+00:00"",""confidence"":0.8,""timestamps"":[""2026-04-14T23:08:01.591423"",""2026-04-14T23:08:02.048254"",""2026-04-14T23:08:02.301290"",""2026-04-14T23:08:02.545798"",""2026-04-14T23:08:02.881164""],""occurrences"":5},""suspicious_paste"":{""severity"":""CRITICAL"",""last_seen"":""2026-04-14T17:55:05.586212+00:00"",""confidence"":0.99,""timestamps"":[""2026-04-14T23:07:55.431045"",""2026-04-14T23:08:00.972908"",""2026-04-14T23:08:01.586362"",""2026-04-14T23:08:02.042212"",""2026-04-14T23:08:02.501829"",""2026-04-14T23:08:02.671150""],""occurrences"":6}}",2026-04-14 17:38:18.876271+00,2026-04-14 17:55:08.528045+00,false,,,,2026-04-14 17:37:41.678832+00