id,session_id,employee_id,hour_of_day,activity_intensity,break_effectiveness_score,keystroke_count,mouse_movement_count,paste_count,recorded_at,created_at
2394881f-c53d-48d8-ac3b-2387ef960094,558af15d-e36f-4a97-ac39-80dcfd0cd293,7655942d-098c-472a-a03d-bb2d96e0450d,10,4.90,,5,50,2,2026-04-18 05:00:01.158723,2026-04-18 05:00:02.12101
2954b98d-7324-425a-aa25-554f441f2835,338522c7-0c75-4080-924d-45c242236239,7655942d-098c-472a-a03d-bb2d96e0450d,16,2.15,,4,92,2,2026-04-14 11:30:54.644699,2026-04-14 11:30:17.745743
32bbf9dd-8d67-45f1-8fa1-cb9122203a14,a55167f6-aad4-55b8-9988-c570ca2b48b7,e1000000-0000-0000-0000-000000000004,10,93.00,96.00,550,430,2,2026-02-18 00:35:13.182368,2026-03-18 07:35:13.182368
405ab3ef-a1c3-476c-9f32-d3704824f078,ab585872-f305-441e-a0e4-1f10227bdf7a,7655942d-098c-472a-a03d-bb2d96e0450d,9,0.00,,0,0,0,2026-04-18 04:29:29.816979,2026-04-18 04:29:30.423946
4f17109a-7d8a-40f0-9545-c1f1f22d2f40,05dc1960-999c-5ee2-a9f8-42c09f9d3861,e1000000-0000-0000-0000-000000000003,14,20.00,38.00,70,10,0,2026-02-24 04:35:13.182368,2026-03-18 07:35:13.182368
5402ebc9-370d-4e3e-8975-3e40c6e67b40,f5783da6-6e4e-407e-9650-60847a360f63,1950dcfc-8839-4c50-ab2a-11a6f6c018ff,19,46.82,,1501,1602,8,2026-04-15 14:47:37.143224,2026-04-15 14:46:58.702044
5bdaa1e4-f0d4-4055-be84-77ba572a7dea,1947cb4f-414c-4b94-8bf8-b7de9cf2ebf2,078b8628-dcb3-4bbf-9a64-ce01557013a5,11,18.27,,19,51,12,2026-04-17 05:44:54.758957,2026-04-17 05:44:55.565001
6cf9f845-0aac-41c1-a7bf-b220872c65b9,f5783da6-6e4e-407e-9650-60847a360f63,1950dcfc-8839-4c50-ab2a-11a6f6c018ff,18,20.68,,335,809,4,2026-04-15 14:47:37.143078,2026-04-15 14:46:58.702044
7144d657-575a-46c5-8af5-22d35f8d7723,4ec792a0-5def-4a45-9b48-36c1af01be31,7655942d-098c-472a-a03d-bb2d96e0450d,18,19.00,,171,449,8,2026-04-16 13:04:58.275507,2026-04-16 13:04:58.874962
724fe673-00d7-484c-988a-dc234eff9ec8,2888769e-faf6-43f7-82db-b2d767cdc1f9,7655942d-098c-472a-a03d-bb2d96e0450d,17,19.06,,114,298,3,2026-04-22 16:49:02.479464,2026-04-22 16:49:03.119881
77bf1c85-ddda-4052-86c7-b5ae64420ab5,05dc1960-999c-5ee2-a9f8-42c09f9d3861,e1000000-0000-0000-0000-000000000003,10,18.00,40.00,65,8,0,2026-02-24 00:35:13.182368,2026-03-18 07:35:13.182368
868b9643-bade-4778-8d42-76eb76cebf42,409dca42-87b1-4b74-ab01-cfdb09196b21,7655942d-098c-472a-a03d-bb2d96e0450d,16,10.68,,22,102,12,2026-04-17 10:35:41.45154,2026-04-17 10:35:42.175214
8dba380c-c660-474a-be5a-6df9e3dded9c,05dc1960-999c-5ee2-a9f8-42c09f9d3861,e1000000-0000-0000-0000-000000000003,9,22.00,45.00,80,12,1,2026-02-23 23:35:13.182368,2026-03-18 07:35:13.182368
919e5852-601b-40a0-aaa2-e9172fbb3ee3,5de913ba-ed6d-5dca-b508-fdc1d6ccf4ca,e1000000-0000-0000-0000-000000000009,10,8.00,25.00,25,3,0,2026-03-06 00:35:13.182368,2026-03-18 07:35:13.182368
95cbb1a5-36c7-4551-b513-233bd7447e41,de0138bc-594b-446f-bece-64131313ad77,7655942d-098c-472a-a03d-bb2d96e0450d,17,0.00,,0,37,0,2026-04-14 12:23:54.99139,2026-04-14 12:23:18.166447
9622a579-2702-4f4f-8522-b2ef9aea0f30,8aa5ada4-31e8-5918-b8a7-57fc8a7b1b9e,e1000000-0000-0000-0000-000000000001,14,88.00,90.00,460,340,2,2026-02-18 04:35:13.182368,2026-03-18 07:35:13.182368
9852d6e0-c4c5-41a7-b62c-a9dabf8ef808,f5783da6-6e4e-407e-9650-60847a360f63,1950dcfc-8839-4c50-ab2a-11a6f6c018ff,20,57.63,,2379,2063,23,2026-04-15 14:47:37.143252,2026-04-15 14:46:58.702044
99d1f034-f64f-4764-9af6-fd397ac9cfe4,8aa5ada4-31e8-5918-b8a7-57fc8a7b1b9e,e1000000-0000-0000-0000-000000000001,10,91.00,92.00,510,380,3,2026-02-18 00:35:13.182368,2026-03-18 07:35:13.182368
9f32b0e7-8991-4985-a5e0-6e646edbf671,5de913ba-ed6d-5dca-b508-fdc1d6ccf4ca,e1000000-0000-0000-0000-000000000009,9,12.00,30.00,40,5,0,2026-03-05 23:35:13.182368,2026-03-18 07:35:13.182368
b00a5e9a-51c1-457e-adb5-11254580cb0a,012483d2-16b2-42cc-92a2-4a0841f37a1f,60981727-cff3-4f24-865f-0917898bb71e,23,15.66,,104,331,2,2026-04-14 17:36:40.26157,2026-04-14 17:36:03.035557
b5f99527-95fe-45b9-a949-bc2245fc03bc,2888769e-faf6-43f7-82db-b2d767cdc1f9,7655942d-098c-472a-a03d-bb2d96e0450d,18,19.06,,114,298,3,2026-04-22 16:49:02.479711,2026-04-22 16:49:03.119881
dcbc5b99-eb5d-4f46-abe7-b83813c407ec,5de913ba-ed6d-5dca-b508-fdc1d6ccf4ca,e1000000-0000-0000-0000-000000000009,14,10.00,28.00,30,4,0,2026-03-06 04:35:13.182368,2026-03-18 07:35:13.182368
ddfeebb9-d23e-4595-b85a-dbd83d67919a,6df05c83-b8f6-43a3-8660-7856124405f0,0538b32c-c891-41bd-a82e-b150f09fc50e,23,34.28,,327,476,8,2026-04-14 17:55:05.593664,2026-04-14 17:54:28.460231
de00668b-54c4-4a3c-b56b-325c3921359f,338522c7-0c75-4080-924d-45c242236239,7655942d-098c-472a-a03d-bb2d96e0450d,17,1.96,,4,101,2,2026-04-14 11:30:54.644699,2026-04-14 11:30:17.745743
e4d3d243-6fe5-46ba-a121-7509687bd2e6,a55167f6-aad4-55b8-9988-c570ca2b48b7,e1000000-0000-0000-0000-000000000004,9,90.00,94.00,520,410,3,2026-02-17 23:35:13.182368,2026-03-18 07:35:13.182368
eea53c9b-6c2e-40df-904d-d42b1c04140b,2888769e-faf6-43f7-82db-b2d767cdc1f9,7655942d-098c-472a-a03d-bb2d96e0450d,22,19.06,,114,298,3,2026-04-22 16:49:02.479783,2026-04-22 16:49:03.119881
f185cd7e-9766-4506-b95e-d1b195d5221a,8aa5ada4-31e8-5918-b8a7-57fc8a7b1b9e,e1000000-0000-0000-0000-000000000001,9,82.00,88.00,420,310,2,2026-02-17 23:35:13.182368,2026-03-18 07:35:13.182368