id,employee_id,start_time,end_time,total_work_minutes,total_break_minutes,lunch_taken,status,session_quality_score,risk_score,created_at,updated_at
00cc884d-9df4-421a-aa2d-070e11371574,ec4d7561-6520-486b-ae55-3904e57a2bc6,2026-04-13 10:00:00,2026-04-13 12:30:00,150,20,false,incomplete,45.00,75.00,2026-04-15 14:26:53.981501,2026-04-15 14:26:53.981501
012483d2-16b2-42cc-92a2-4a0841f37a1f,60981727-cff3-4f24-865f-0917898bb71e,2026-04-14 17:07:06.909142,2026-04-14 17:36:46.148409,27,0,false,incomplete,100.00,95.00,2026-04-14 17:06:29.209176,2026-04-15 17:28:40.237463
05dc1960-999c-5ee2-a9f8-42c09f9d3861,e1000000-0000-0000-0000-000000000003,2026-02-23 22:35:13.182368,2026-02-24 07:35:13.182368,418,90,true,flagged,52.00,88.00,2026-03-18 07:35:13.182368,2026-03-18 07:35:13.182368
062ebc5a-7971-5ea3-97ed-d7157501783a,e1000000-0000-0000-0000-000000000009,2026-02-26 22:35:13.182368,2026-02-27 06:35:13.182368,400,72,true,completed,94.00,3.50,2026-03-18 07:35:13.182368,2026-03-18 07:35:13.182368
071d184b-a189-4bc4-9c53-5ed39abaf7aa,b998b4dd-68f4-43f5-a180-58d21701c028,2026-04-16 11:00:00,2026-04-16 19:30:00,420,60,true,completed,94.00,27.00,2026-04-16 10:55:00,2026-04-16 19:35:00
090dc66f-4e21-48e0-b00a-8468242bae0e,50289596-773e-4a9c-8f95-d20c29c8b000,2026-04-10 09:30:00,2026-04-10 18:00:00,420,60,true,completed,93.00,30.00,2026-04-10 09:25:00,2026-04-10 18:05:00
0acae738-a09a-48cd-a42e-ccaf82920b6d,b998b4dd-68f4-43f5-a180-58d21701c028,2026-04-14 10:45:00,2026-04-14 19:15:00,420,60,true,completed,89.00,38.00,2026-04-14 10:40:00,2026-04-14 19:20:00
0b8b2599-074a-4aef-9317-24ea1e1e5f2a,e1000000-0000-0000-0000-000000000004,2026-03-19 12:18:40.790841,2026-03-19 12:35:33.540488,16,0,false,incomplete,100.00,95.00,2026-03-19 12:18:13.333544,2026-04-15 17:28:40.237463
0bd6e113-3445-534a-beb7-20304215c5b5,e1000000-0000-0000-0000-000000000011,2026-03-07 22:35:13.182368,2026-03-08 05:35:13.182368,340,65,false,completed,74.00,11.00,2026-03-18 07:35:13.182368,2026-03-21 06:23:20.308964
0bf6568c-7619-4192-b462-932fc003558c,a1000000-0000-0000-0000-000000000001,2026-03-19 14:48:37.006611,2026-03-19 22:48:37.006611,400,80,true,completed,100.00,60.00,2026-03-19 14:48:36.444134,2026-04-15 17:28:40.237463
1044ae7c-8155-4d9a-a3f6-c920d27b0b3c,7655942d-098c-472a-a03d-bb2d96e0450d,2026-04-18 11:00:00,2026-04-18 15:00:00,200,25,true,partial,60.00,55.00,2026-04-15 14:45:29.306637,2026-04-15 14:45:29.306637
11992239-524b-407d-8f84-d86093ab896e,b998b4dd-68f4-43f5-a180-58d21701c028,2026-04-15 10:30:00,2026-04-15 19:00:00,420,75,true,completed,91.00,33.00,2026-04-15 10:25:00,2026-04-15 19:05:00
1472dcc6-c9b8-4a58-8e19-f7b7fe9ca03d,b998b4dd-68f4-43f5-a180-58d21701c028,2026-04-13 11:15:00,2026-04-13 19:45:00,420,90,true,partial,75.00,65.00,2026-04-13 11:10:00,2026-04-13 19:50:00
1947cb4f-414c-4b94-8bf8-b7de9cf2ebf2,078b8628-dcb3-4bbf-9a64-ce01557013a5,2026-04-17 05:43:25.063164,2026-04-17 05:45:01.03792,1,0,false,incomplete,100.00,100.00,2026-04-17 05:43:24.894118,2026-04-17 05:45:00.866939
1a1340ad-9431-5b67-8ada-b3643b7deb56,e1000000-0000-0000-0000-000000000003,2026-03-09 22:35:13.182368,2026-03-10 06:35:13.182368,398,75,true,completed,85.00,9.00,2026-03-18 07:35:13.182368,2026-03-18 07:35:13.182368
1a27c1c3-5d40-4753-b1eb-069bc876a5d2,60981727-cff3-4f24-865f-0917898bb71e,2026-03-20 04:36:32.301753,2026-03-20 05:30:26.198431,54,0,false,incomplete,44.00,100.00,2026-03-20 04:36:32.120634,2026-04-15 17:28:40.237463
1cefe9da-a847-5b4f-8624-95563e3360f7,e1000000-0000-0000-0000-000000000003,2026-02-20 22:35:13.182368,2026-02-21 07:05:13.182368,405,80,true,completed,88.00,8.50,2026-03-18 07:35:13.182368,2026-03-18 07:35:13.182368
1d3f7415-0e34-4bcd-897a-d6518784dde5,ec4d7561-6520-486b-ae55-3904e57a2bc6,2026-04-16 10:00:00,2026-04-16 12:00:00,120,15,false,incomplete,35.00,85.00,2026-04-15 14:26:53.981501,2026-04-15 14:26:53.981501
1eaa1065-1903-589e-9efb-a17c825c9bb9,e1000000-0000-0000-0000-000000000009,2026-03-16 22:35:13.182368,2026-03-17 06:35:13.182368,400,70,true,completed,92.50,4.50,2026-03-18 07:35:13.182368,2026-03-18 07:35:13.182368
1f588e3e-b5b7-522d-9350-d5348ecfe543,e1000000-0000-0000-0000-000000000002,2026-03-16 22:35:13.182368,2026-03-17 06:35:13.182368,400,70,true,completed,94.00,3.50,2026-03-18 07:35:13.182368,2026-03-18 07:35:13.182368
2736f162-a1e8-4e09-9b6d-4f6e86b71c3b,205d4001-6dc0-404e-ae08-639da263d30c,2026-04-13 10:00:00,2026-04-13 18:00:00,480,50,true,completed,88.00,12.00,2026-04-15 14:26:53.981501,2026-04-15 14:26:53.981501
2763d55c-7985-4c51-ba40-c23b91cee42f,cbc9bda3-1b7e-4171-b703-d31fcaf7e6c4,2026-04-17 10:00:00,2026-04-17 13:00:00,180,20,false,incomplete,82.00,15.00,2026-04-15 14:26:53.981501,2026-04-15 14:26:53.981501
2876230b-c7d3-4806-9d66-e1e981584281,a1000000-0000-0000-0000-000000000001,2026-03-19 16:58:06.393036,2026-03-19 17:10:21.471433,12,0,false,incomplete,100.00,92.00,2026-03-19 16:58:06.223755,2026-04-15 17:28:40.237463
2888769e-faf6-43f7-82db-b2d767cdc1f9,7655942d-098c-472a-a03d-bb2d96e0450d,2026-04-22 12:20:24.315151,,266,0,false,active,,0.00,2026-04-22 12:20:24.145205,2026-04-22 16:46:37.92454
2b9e750b-31ad-4c3b-9e2d-03b9df812902,7655942d-098c-472a-a03d-bb2d96e0450d,2026-04-15 17:30:00,2026-04-15 19:30:00,180,15,false,incomplete,55.00,60.00,2026-04-15 14:45:29.306637,2026-04-15 14:45:29.306637
2c057370-90e7-4168-82f8-82fd11df5f1a,50289596-773e-4a9c-8f95-d20c29c8b000,2026-04-14 09:15:00,2026-04-14 17:45:00,420,60,true,completed,92.00,31.00,2026-04-14 09:10:00,2026-04-14 17:50:00
2da0ce41-0900-5f1c-8e7c-42d75c889769,e1000000-0000-0000-0000-000000000007,2026-03-16 22:35:13.182368,2026-03-17 06:35:13.182368,400,72,true,completed,92.00,5.00,2026-03-18 07:35:13.182368,2026-03-18 07:35:13.182368
2f50839c-5a9c-5320-9a11-6764477c4fd3,e1000000-0000-0000-0000-000000000012,2026-03-16 22:35:13.182368,2026-03-17 07:05:13.182368,408,80,true,completed,92.50,4.50,2026-03-18 07:35:13.182368,2026-03-18 07:35:13.182368
2fb64046-ace3-4b31-8ee2-98ed509f32ff,4a36882d-ad49-4571-8888-d6ef62081904,2026-04-14 09:00:00,2026-04-14 15:00:00,320,30,true,completed,50.00,60.00,2026-04-15 14:26:53.981501,2026-04-15 14:40:35.072545
30b93225-aff7-53bc-ab1f-8993674dd7fa,e1000000-0000-0000-0000-000000000005,2026-03-02 22:35:13.182368,2026-03-03 07:05:13.182368,405,80,true,completed,91.00,5.50,2026-03-18 07:35:13.182368,2026-03-18 07:35:13.182368
3213c1ee-eae5-48e1-a68a-6a97f4337fb6,50289596-773e-4a9c-8f95-d20c29c8b000,2026-04-16 10:00:00,2026-04-16 18:30:00,420,60,true,completed,95.00,26.00,2026-04-16 09:55:00,2026-04-16 18:35:00
338522c7-0c75-4080-924d-45c242236239,7655942d-098c-472a-a03d-bb2d96e0450d,2026-04-14 11:20:29.372874,2026-04-14 11:31:01.802869,8,1,false,incomplete,70.00,45.00,2026-04-14 11:19:52.053569,2026-04-15 14:45:18.22083
34942576-ed82-428e-920a-d5c2203fb0c0,ec4d7561-6520-486b-ae55-3904e57a2bc6,2026-04-18 10:00:00,2026-04-18 12:00:00,120,15,false,incomplete,30.00,88.00,2026-04-15 14:26:53.981501,2026-04-15 14:26:53.981501
34de8f60-14a6-5d4f-a6db-4cf2fe48c6b4,e1000000-0000-0000-0000-000000000002,2026-02-17 22:35:13.182368,2026-02-18 07:05:13.182368,405,85,true,completed,95.00,2.50,2026-03-18 07:35:13.182368,2026-03-18 07:35:13.182368
352bf8f8-b8df-51e3-a43e-e82ad2be6114,e1000000-0000-0000-0000-000000000004,2026-03-16 22:35:13.182368,2026-03-17 07:05:13.182368,408,82,true,completed,95.50,2.00,2026-03-18 07:35:13.182368,2026-03-18 07:35:13.182368
36c98113-842d-5662-a799-ed66380cf0a0,e1000000-0000-0000-0000-000000000007,2026-02-25 22:35:13.182368,2026-02-26 06:35:13.182368,400,70,true,completed,92.50,4.50,2026-03-18 07:35:13.182368,2026-03-18 07:35:13.182368
37820a62-d1fb-49cb-bfb6-0b559c6cd661,50289596-773e-4a9c-8f95-d20c29c8b000,2026-04-11 09:00:00,2026-04-11 17:30:00,420,60,true,completed,96.00,22.00,2026-04-11 08:55:00,2026-04-11 17:35:00
397a9f04-e00d-45f9-8122-c72c724f56b3,7655942d-098c-472a-a03d-bb2d96e0450d,2026-04-16 10:00:00,2026-04-16 16:00:00,300,30,true,partial,75.00,35.00,2026-04-15 14:45:29.306637,2026-04-15 14:45:29.306637
3ae186f4-8295-4c9d-8ece-dcef68d9d5ad,4a36882d-ad49-4571-8888-d6ef62081904,2026-04-15 10:00:00,2026-04-15 18:30:00,420,90,true,partial,78.00,60.00,2026-04-15 09:55:00,2026-04-15 18:35:00
3b12dcd4-2e42-594f-9bb9-524904a01306,e1000000-0000-0000-0000-000000000001,2026-03-16 22:35:13.182368,2026-03-17 07:05:13.182368,410,80,true,completed,95.00,3.00,2026-03-18 07:35:13.182368,2026-03-18 07:35:13.182368
3d0d9639-8308-4b66-a93a-4140731823cf,4a36882d-ad49-4571-8888-d6ef62081904,2026-04-13 12:06:24.903314,2026-04-13 14:06:24.903314,120,10,false,incomplete,30.00,12.00,2026-04-13 12:05:50.556764,2026-04-16 07:46:37.294697
3d259f09-e242-4665-8072-1d4ceeb906f6,91a97f9e-c93b-42f0-bce9-172796794200,2026-04-18 09:30:00,2026-04-18 15:30:00,360,35,true,partial,40.00,72.00,2026-04-15 14:26:53.981501,2026-04-15 14:26:53.981501
3dc82bc8-ae3a-4489-8fea-bf3caa781b26,7655942d-098c-472a-a03d-bb2d96e0450d,2026-04-13 18:00:00,2026-04-13 19:00:00,20,5,false,incomplete,40.00,80.00,2026-04-15 14:45:29.306637,2026-04-15 14:45:29.306637
3dd16347-e863-406d-af8b-bf30bb2dff95,0c2ec93d-5ac4-42b8-a374-d9358457a509,2026-04-13 09:00:00,2026-04-13 14:30:00,300,35,true,partial,80.00,20.00,2026-04-15 14:26:53.981501,2026-04-15 14:26:53.981501
3e931d59-cf1c-4c90-b22b-05e82f841f7c,7655942d-098c-472a-a03d-bb2d96e0450d,2026-04-13 11:44:07.384647,2026-04-13 18:06:50.897497,220,35,false,incomplete,40.00,75.00,2026-04-13 11:43:33.036536,2026-04-15 14:45:18.22083
409dca42-87b1-4b74-ab01-cfdb09196b21,7655942d-098c-472a-a03d-bb2d96e0450d,2026-04-17 10:33:53.243115,2026-04-17 10:35:47.129535,1,0,false,incomplete,100.00,100.00,2026-04-17 10:33:53.077962,2026-04-17 10:35:46.971889
40e3f459-2ebf-423f-b275-f3e6fc5e93b1,60981727-cff3-4f24-865f-0917898bb71e,2026-04-14 11:36:15.252811,2026-04-14 12:06:58.799613,15,0,false,incomplete,100.00,99.00,2026-04-14 11:35:37.931705,2026-04-15 17:28:40.237463
41692cc1-91a3-52de-ae27-d739fb06ddf7,e1000000-0000-0000-0000-000000000005,2026-02-25 22:35:13.182368,2026-02-26 06:35:13.182368,395,72,true,completed,88.00,7.50,2026-03-18 07:35:13.182368,2026-03-18 07:35:13.182368
43e37219-f02a-5fb1-9601-eb75b43015ee,e1000000-0000-0000-0000-000000000007,2026-03-04 22:35:13.182368,2026-03-05 07:05:13.182368,410,80,true,completed,94.00,3.50,2026-03-18 07:35:13.182368,2026-03-18 07:35:13.182368
47021468-47bb-5738-89af-10c6ca6adac3,e1000000-0000-0000-0000-000000000002,2026-02-20 22:35:13.182368,2026-02-21 06:35:13.182368,400,70,true,completed,94.50,3.00,2026-03-18 07:35:13.182368,2026-03-18 07:35:13.182368
4b51c55d-bb0a-48b0-883a-1c927c283ce3,a1000000-0000-0000-0000-000000000001,2026-03-18 15:40:19.808901,2026-03-18 16:57:11.125073,53,23,true,incomplete,100.00,99.00,2026-03-18 15:39:53.797678,2026-04-15 17:28:40.237463
4cec9412-0d25-5411-a409-0a21681bb234,e1000000-0000-0000-0000-000000000002,2026-02-25 22:35:13.182368,2026-02-26 07:05:13.182368,410,80,true,completed,96.00,2.00,2026-03-18 07:35:13.182368,2026-03-18 07:35:13.182368
4ec792a0-5def-4a45-9b48-36c1af01be31,7655942d-098c-472a-a03d-bb2d96e0450d,2026-04-16 11:10:02.877956,2026-04-16 13:05:04.512677,10,0,false,incomplete,100.00,95.00,2026-04-16 11:09:22.981758,2026-04-16 13:05:04.341914
513a668d-69a3-5517-9393-7d8d5f46a1ce,e1000000-0000-0000-0000-000000000001,2026-02-18 22:35:13.182368,2026-02-19 07:05:13.182368,405,90,true,completed,94.00,3.50,2026-03-18 07:35:13.182368,2026-03-18 07:35:13.182368
558af15d-e36f-4a97-ac39-80dcfd0cd293,7655942d-098c-472a-a03d-bb2d96e0450d,2026-04-18 04:54:19.579685,2026-04-18 05:00:10.750607,5,0,false,incomplete,100.00,99.00,2026-04-18 04:54:19.395226,2026-04-18 05:00:10.589698
567a8b26-874b-4835-8e14-f4f9e0918d86,478a5022-70c4-4fe6-ae07-a741998add51,2026-04-18 11:00:00,2026-04-18 17:30:00,390,40,true,partial,75.00,30.00,2026-04-15 14:26:53.981501,2026-04-15 14:26:53.981501
59771728-842b-4577-9467-acd80a5b3f27,e1000000-0000-0000-0000-000000000001,2026-03-19 09:04:45.487881,2026-03-19 12:17:26.321761,152,40,true,incomplete,100.00,100.00,2026-03-19 09:04:17.862843,2026-04-15 17:28:40.237463
5b5d26d2-aec6-4162-8fe0-a8d2e0257c75,7655942d-098c-472a-a03d-bb2d96e0450d,2026-04-16 16:30:00,2026-04-16 18:30:00,90,10,false,incomplete,30.00,90.00,2026-04-15 14:45:29.306637,2026-04-15 14:45:29.306637
5de913ba-ed6d-5dca-b508-fdc1d6ccf4ca,e1000000-0000-0000-0000-000000000009,2026-03-05 22:35:13.182368,2026-03-06 07:35:13.182368,420,88,true,flagged,58.00,83.00,2026-03-18 07:35:13.182368,2026-03-18 07:35:13.182368
5e523193-0664-593b-b7f0-2ca8c3940453,e1000000-0000-0000-0000-000000000003,2026-02-17 22:35:13.182368,2026-02-18 04:35:13.182368,290,60,false,partial,65.00,12.00,2026-03-18 07:35:13.182368,2026-03-18 07:35:13.182368
5e537ef8-7cee-4bde-9d3f-c3663d51307e,205d4001-6dc0-404e-ae08-639da263d30c,2026-04-18 10:00:00,2026-04-18 14:00:00,240,25,true,partial,72.00,38.00,2026-04-15 14:26:53.981501,2026-04-15 14:26:53.981501
5e9bf960-319f-525a-9a70-346bb97e08b4,e1000000-0000-0000-0000-000000000005,2026-02-20 22:35:13.182368,2026-02-21 05:35:13.182368,345,65,true,completed,72.00,14.00,2026-03-18 07:35:13.182368,2026-03-21 06:23:20.308964
5f2a8a0b-4c21-40fa-9e54-73f20846d1ac,7655942d-098c-472a-a03d-bb2d96e0450d,2026-04-14 15:30:00,2026-04-14 18:00:00,150,20,false,incomplete,35.00,88.00,2026-04-15 14:45:29.306637,2026-04-15 14:45:29.306637
6547aca8-d60e-4a63-a515-1fd67c563a1b,7655942d-098c-472a-a03d-bb2d96e0450d,2026-04-13 09:00:00,2026-04-13 17:30:00,480,60,true,completed,90.00,10.00,2026-04-15 14:45:29.306637,2026-04-15 14:45:29.306637
68420fce-c9e4-5d2d-a945-61e6743effd3,e1000000-0000-0000-0000-000000000009,2026-03-12 22:35:13.182368,2026-03-13 07:05:13.182368,408,80,true,completed,93.00,4.00,2026-03-18 07:35:13.182368,2026-03-18 07:35:13.182368
69001526-01bc-440c-b4f4-59ea959f8b74,b998b4dd-68f4-43f5-a180-58d21701c028,2026-04-12 10:00:00,2026-04-12 18:30:00,420,60,true,completed,87.00,42.00,2026-04-12 09:55:00,2026-04-12 18:35:00
69f8fd2b-950e-403e-a7e9-750520ef9a94,91a97f9e-c93b-42f0-bce9-172796794200,2026-04-15 09:30:00,2026-04-15 16:00:00,360,40,true,partial,42.00,68.00,2026-04-15 14:26:53.981501,2026-04-15 14:26:53.981501
69fbf035-83ce-4c40-8173-f5c4f434ae69,91a97f9e-c93b-42f0-bce9-172796794200,2026-04-13 09:30:00,2026-04-13 17:30:00,500,40,true,completed,35.00,78.00,2026-04-15 14:26:53.981501,2026-04-15 14:26:53.981501
6c41bba1-d4eb-4cd9-83fe-a4f9160b8a5c,4a36882d-ad49-4571-8888-d6ef62081904,2026-04-12 10:00:00,2026-04-12 18:30:00,420,75,true,partial,80.00,50.00,2026-04-12 09:55:00,2026-04-12 18:35:00
6df05c83-b8f6-43a3-8660-7856124405f0,0538b32c-c891-41bd-a82e-b150f09fc50e,2026-04-14 17:37:22.936457,2026-04-14 17:55:10.636077,17,0,false,incomplete,100.00,99.00,2026-04-14 17:36:45.268053,2026-04-15 17:28:40.237463
6e67c504-60af-452d-accd-8f1809395426,7655942d-098c-472a-a03d-bb2d96e0450d,2026-03-19 14:04:53.999771,2026-03-19 22:44:01.113938,439,41,false,completed,82.00,25.00,2026-03-19 15:04:53.432059,2026-04-15 14:45:18.22083
72ecb9fe-9dfa-4c09-820c-e3f21950e6b4,02d4ffe4-ad2a-4737-b0d7-0d78b07dad50,2026-04-15 09:00:00,2026-04-15 15:30:00,390,45,true,partial,78.00,25.00,2026-04-15 14:26:53.981501,2026-04-15 14:26:53.981501
77fcaa66-f5c8-47fc-bc38-136812d0c193,59bdef83-dd22-4db6-a6a4-1e8d3842078d,2026-04-15 10:00:00,2026-04-15 12:30:00,150,20,false,incomplete,50.00,65.00,2026-04-15 14:26:53.981501,2026-04-15 14:26:53.981501
7880fcfa-1849-55f3-89b5-eafb93edf766,e1000000-0000-0000-0000-000000000007,2026-03-11 22:35:13.182368,2026-03-12 05:35:13.182368,340,65,false,completed,77.00,10.00,2026-03-18 07:35:13.182368,2026-03-21 06:23:20.308964
7889384d-ac6a-44ef-af4e-096e8304379c,0c2ec93d-5ac4-42b8-a374-d9358457a509,2026-04-16 09:30:00,2026-04-16 13:00:00,210,20,false,partial,65.00,45.00,2026-04-15 14:26:53.981501,2026-04-15 14:26:53.981501
798ba01b-5096-5b02-85ce-9c8800aeddfe,e1000000-0000-0000-0000-000000000001,2026-02-24 22:35:13.182368,2026-02-25 07:05:13.182368,408,85,true,completed,93.50,6.50,2026-03-18 07:35:13.182368,2026-03-18 07:35:13.182368
7bc1a190-6cb6-5dea-b112-613ec726a412,e1000000-0000-0000-0000-000000000001,2026-02-23 22:35:13.182368,2026-02-24 06:35:13.182368,400,70,true,completed,95.00,4.00,2026-03-18 07:35:13.182368,2026-03-18 07:35:13.182368
7ce555c6-7b79-4c76-99d2-2b889c69e446,205d4001-6dc0-404e-ae08-639da263d30c,2026-04-15 10:00:00,2026-04-15 18:30:00,500,60,true,completed,89.00,11.00,2026-04-15 14:26:53.981501,2026-04-15 14:26:53.981501
7cf2d12f-08da-45ff-81a5-9d8eef59f886,0d985da7-bbf3-4d5b-bfe9-010a3456c41c,2026-04-17 09:30:00,2026-04-17 12:00:00,150,20,false,incomplete,48.00,70.00,2026-04-15 14:26:53.981501,2026-04-15 14:26:53.981501
7d0df6c7-734c-4a82-b2b3-a395d37ca0ed,7655942d-098c-472a-a03d-bb2d96e0450d,2026-04-17 09:00:00,2026-04-17 18:00:00,500,60,true,completed,88.00,12.00,2026-04-15 14:45:29.306637,2026-04-15 14:45:29.306637
7d64d39e-cbed-5519-8d3b-98e2bc984f66,e1000000-0000-0000-0000-000000000005,2026-03-09 22:35:13.182368,2026-03-10 07:35:13.182368,420,88,true,flagged,58.00,74.00,2026-03-18 07:35:13.182368,2026-03-18 07:35:13.182368
7ec25dd7-367e-5512-b80f-b30b1a94e3bc,e1000000-0000-0000-0000-000000000009,2026-02-19 22:35:13.182368,2026-02-20 07:05:13.182368,410,82,true,completed,95.50,3.00,2026-03-18 07:35:13.182368,2026-03-18 07:35:13.182368
814f4617-8798-4a35-8493-d0c2dcddf084,50289596-773e-4a9c-8f95-d20c29c8b000,2026-04-15 09:30:00,2026-04-15 18:00:00,420,75,true,completed,89.00,40.00,2026-04-15 09:25:00,2026-04-15 18:05:00
84a6bfba-4120-4ace-b4c7-14cdb44d5ee7,b17dfb89-6aa7-4412-88ef-ca3700413ac4,2026-04-16 09:00:00,2026-04-16 17:30:00,500,55,true,completed,90.00,12.00,2026-04-15 14:26:53.981501,2026-04-15 14:26:53.981501
879dfcec-736b-4dde-83f7-b6ad35686b50,60981727-cff3-4f24-865f-0917898bb71e,2026-04-15 09:00:00,2026-04-15 17:00:00,480,50,true,completed,91.00,9.00,2026-04-15 14:26:53.981501,2026-04-15 14:26:53.981501
8aa5ada4-31e8-5918-b8a7-57fc8a7b1b9e,e1000000-0000-0000-0000-000000000001,2026-02-17 22:35:13.182368,2026-02-18 07:05:13.182368,410,80,true,completed,96.50,2.00,2026-03-18 07:35:13.182368,2026-03-18 07:35:13.182368
8d7765fe-dd54-49f6-91a4-a43ecf10fa8d,e1000000-0000-0000-0000-000000000002,2026-03-19 18:05:16.495865,2026-03-19 22:05:16.495865,240,0,false,partial,90.00,72.00,2026-03-19 18:05:16.328677,2026-04-15 17:28:40.237463
8e32f534-c7e0-5ea7-8760-0eba33ddb1fa,e1000000-0000-0000-0000-000000000004,2026-03-02 22:35:13.182368,2026-03-03 06:35:13.182368,400,70,true,completed,95.00,3.00,2026-03-18 07:35:13.182368,2026-03-18 07:35:13.182368
8eb77753-d593-53b3-985b-539326e7c1c1,e1000000-0000-0000-0000-000000000005,2026-03-16 22:35:13.182368,2026-03-17 06:35:13.182368,398,74,true,completed,89.50,6.00,2026-03-18 07:35:13.182368,2026-03-18 07:35:13.182368
8f92f07d-49c5-4c4e-b73b-efd0a84808ab,b17dfb89-6aa7-4412-88ef-ca3700413ac4,2026-04-18 09:00:00,2026-04-18 18:30:00,540,70,true,completed,95.00,7.00,2026-04-15 14:26:53.981501,2026-04-15 14:26:53.981501
90b680b2-8023-5396-88a4-2221b4f5ce72,e1000000-0000-0000-0000-000000000012,2026-03-10 22:35:13.182368,2026-03-11 06:35:13.182368,398,72,true,completed,91.00,5.50,2026-03-18 07:35:13.182368,2026-03-18 07:35:13.182368
90fe40d9-e27b-49b6-8393-29a55f5637cd,4a36882d-ad49-4571-8888-d6ef62081904,2026-04-11 09:30:00,2026-04-11 18:00:00,450,60,true,completed,95.00,25.00,2026-04-11 09:25:00,2026-04-11 18:05:00
92476d69-929f-53fb-940e-9fc988196fa4,e1000000-0000-0000-0000-000000000003,2026-03-16 22:35:13.182368,2026-03-17 07:35:13.182368,422,88,true,flagged,45.00,93.00,2026-03-18 07:35:13.182368,2026-03-18 07:35:13.182368
94413f3a-6605-4ac7-9868-bf7a40cb05af,b998b4dd-68f4-43f5-a180-58d21701c028,2026-04-10 11:00:00,2026-04-10 19:30:00,420,60,true,completed,90.00,35.00,2026-04-10 10:55:00,2026-04-10 19:35:00
9b893800-3758-4fdc-8396-f2324ee7fda6,50289596-773e-4a9c-8f95-d20c29c8b000,2026-04-12 09:45:00,2026-04-12 18:15:00,420,75,true,partial,84.00,48.00,2026-04-12 09:40:00,2026-04-12 18:20:00
9c47d108-6718-4393-9180-33a1c6a7cfde,4a36882d-ad49-4571-8888-d6ef62081904,2026-04-13 09:15:00,2026-04-13 17:45:00,420,60,true,completed,88.00,40.00,2026-04-13 09:10:00,2026-04-13 17:50:00
9e465dce-f013-5f11-863c-839bb619bcc6,e1000000-0000-0000-0000-000000000001,2026-02-19 22:35:13.182368,2026-02-20 05:35:13.182368,340,60,false,completed,82.00,5.00,2026-03-18 07:35:13.182368,2026-03-21 06:23:20.308964
9f6cf64c-9ba6-4094-8371-37a2743a4a6c,7655942d-098c-472a-a03d-bb2d96e0450d,2026-04-15 09:00:00,2026-04-15 17:00:00,450,50,true,completed,92.00,8.00,2026-04-15 14:45:29.306637,2026-04-15 14:45:29.306637
a0c2ea13-5c98-49ef-b4a2-6e5dea1ec63b,60981727-cff3-4f24-865f-0917898bb71e,2026-04-17 09:00:00,2026-04-17 18:00:00,520,65,true,completed,94.00,8.00,2026-04-15 14:26:53.981501,2026-04-15 14:26:53.981501
a1f3c2d4-91b2-4f1a-8d5e-1c2b3a4d5e6f,1950dcfc-8839-4c50-ab2a-11a6f6c018ff,2026-04-13 09:00:00,2026-04-13 17:30:00,420,60,true,completed,95.00,30.00,2026-04-13 08:55:00,2026-04-13 17:35:00
a502e2af-c25b-4872-ab2f-98545c43c1e8,478a5022-70c4-4fe6-ae07-a741998add51,2026-04-16 11:00:00,2026-04-16 19:00:00,480,50,true,completed,93.00,10.00,2026-04-15 14:26:53.981501,2026-04-15 14:26:53.981501
a55167f6-aad4-55b8-9988-c570ca2b48b7,e1000000-0000-0000-0000-000000000004,2026-02-17 22:35:13.182368,2026-02-18 07:05:13.182368,412,80,true,completed,97.00,100.00,2026-03-18 07:35:13.182368,2026-04-15 17:28:40.237463
a63c1144-1c5b-5e67-98c8-585479bc3f61,e1000000-0000-0000-0000-000000000002,2026-03-02 22:35:13.182368,2026-03-03 06:35:13.182368,395,75,true,completed,93.00,4.00,2026-03-18 07:35:13.182368,2026-03-18 07:35:13.182368
a6bf1f98-4c98-5c5d-a8df-8a901a85b5f1,e1000000-0000-0000-0000-000000000008,2026-03-03 22:35:13.182368,2026-03-04 06:35:13.182368,395,72,true,completed,90.00,5.50,2026-03-18 07:35:13.182368,2026-03-18 07:35:13.182368
a834c277-c9c2-4b68-8b5a-7305c970b584,4a36882d-ad49-4571-8888-d6ef62081904,2026-04-14 09:45:00,2026-04-14 18:15:00,420,75,true,completed,91.00,35.00,2026-04-14 09:40:00,2026-04-14 18:20:00
a9c39592-5c14-4785-9795-e740b83bbe9b,4a36882d-ad49-4571-8888-d6ef62081904,2026-04-16 09:00:00,2026-04-16 14:00:00,300,30,true,completed,70.00,35.00,2026-04-15 14:26:53.981501,2026-04-15 14:40:29.206632
ab585872-f305-441e-a0e4-1f10227bdf7a,7655942d-098c-472a-a03d-bb2d96e0450d,2026-04-18 04:28:32.767729,2026-04-18 04:29:30.433886,0,0,false,incomplete,100.00,100.00,2026-04-18 04:28:32.600026,2026-04-18 04:29:30.189001
b2e4d6f8-1234-4abc-9def-56789abcdef0,1950dcfc-8839-4c50-ab2a-11a6f6c018ff,2026-04-12 10:15:00,2026-04-12 18:00:00,390,75,true,partial,85.00,50.00,2026-04-12 10:10:00,2026-04-12 18:05:00
b66411b8-75c9-486f-bcfe-6a92254713ad,b17dfb89-6aa7-4412-88ef-ca3700413ac4,2026-04-14 09:00:00,2026-04-14 18:00:00,540,70,true,completed,90.00,12.00,2026-04-15 14:26:53.981501,2026-04-15 14:26:53.981501
b76e2420-4df6-431e-8607-b86d0ef95098,02d4ffe4-ad2a-4737-b0d7-0d78b07dad50,2026-04-17 09:00:00,2026-04-17 17:00:00,480,50,true,completed,91.00,9.00,2026-04-15 14:26:53.981501,2026-04-15 14:26:53.981501
bb122987-0070-4f85-a5ce-e86510eeb75d,4a36882d-ad49-4571-8888-d6ef62081904,2026-04-16 09:00:00,2026-04-16 17:30:00,420,60,true,completed,93.00,28.00,2026-04-16 08:55:00,2026-04-16 17:35:00
bd1895f3-898f-5844-a549-a0ff38386846,e1000000-0000-0000-0000-000000000002,2026-03-09 22:35:13.182368,2026-03-10 07:05:13.182368,408,82,true,completed,95.50,2.50,2026-03-18 07:35:13.182368,2026-03-18 07:35:13.182368
c126bbfe-ff2c-49ac-a8ea-fbecbfd8d323,59bdef83-dd22-4db6-a6a4-1e8d3842078d,2026-04-17 10:00:00,2026-04-17 14:30:00,260,30,true,partial,68.00,42.00,2026-04-15 14:26:53.981501,2026-04-15 14:26:53.981501
c3f5e7a9-5678-4def-8abc-1234567890ab,1950dcfc-8839-4c50-ab2a-11a6f6c018ff,2026-04-11 08:45:00,2026-04-11 16:30:00,405,45,false,completed,90.00,25.00,2026-04-11 08:40:00,2026-04-11 16:35:00
c4f06e78-cce2-4ce0-a403-a27c3bbe37d5,7655942d-098c-472a-a03d-bb2d96e0450d,2026-04-14 09:30:00,2026-04-14 15:00:00,310,35,true,partial,78.00,30.00,2026-04-15 14:45:29.306637,2026-04-15 14:45:29.306637
c4f24597-3dff-5844-8929-1011fd016342,e1000000-0000-0000-0000-000000000010,2026-03-04 22:35:13.182368,2026-03-05 06:35:13.182368,400,70,true,completed,95.00,3.00,2026-03-18 07:35:13.182368,2026-03-18 07:35:13.182368
c900bcfc-cbd7-4a0b-a812-de8f6f4c18c4,0d985da7-bbf3-4d5b-bfe9-010a3456c41c,2026-04-14 10:00:00,2026-04-14 13:30:00,210,25,false,partial,60.00,40.00,2026-04-15 14:26:53.981501,2026-04-15 14:26:53.981501
cc97f786-16f8-58f3-844b-0f07ed846729,e1000000-0000-0000-0000-000000000007,2026-02-18 22:35:13.182368,2026-02-19 07:05:13.182368,408,82,true,completed,93.00,4.00,2026-03-18 07:35:13.182368,2026-03-18 07:35:13.182368
d0aca746-b1bf-4c30-a962-eead4b62a015,1950dcfc-8839-4c50-ab2a-11a6f6c018ff,2026-04-15 17:35:47.191434,2026-04-15 23:35:47.191434,360,60,true,partial,80.00,45.00,2026-04-15 17:35:08.47849,2026-04-16 06:55:46.178226
d0f0a9f4-55ed-4ad1-b9aa-fbe7b110d2b7,4a36882d-ad49-4571-8888-d6ef62081904,2026-04-10 09:00:00,2026-04-10 17:30:00,420,60,true,completed,92.00,30.00,2026-04-10 08:55:00,2026-04-10 17:35:00
d11aba9d-c36b-5085-b2ef-d88b3936b841,e1000000-0000-0000-0000-000000000008,2026-03-16 22:35:13.182368,2026-03-17 06:05:13.182368,368,68,true,completed,79.00,8.50,2026-03-18 07:35:13.182368,2026-03-21 06:23:20.308964
d22b22b3-1869-4393-95b7-171cdddd3790,478a5022-70c4-4fe6-ae07-a741998add51,2026-04-14 11:00:00,2026-04-14 19:00:00,480,45,true,completed,40.00,70.00,2026-04-15 14:26:53.981501,2026-04-15 14:26:53.981501
d2491b0a-5b5f-5e11-bd42-e98b5ef8bebe,e1000000-0000-0000-0000-000000000004,2026-02-23 22:35:13.182368,2026-02-24 07:05:13.182368,406,82,true,completed,96.50,2.00,2026-03-18 07:35:13.182368,2026-03-18 07:35:13.182368
d3a1bedc-2f07-5bf9-a400-ed8aa2773002,e1000000-0000-0000-0000-000000000001,2026-02-20 22:35:13.182368,2026-02-21 07:05:13.182368,412,80,true,completed,97.00,100.00,2026-03-18 07:35:13.182368,2026-04-15 17:28:40.237463
d4a6b8c0-9abc-4fed-8cba-0987654321dc,1950dcfc-8839-4c50-ab2a-11a6f6c018ff,2026-04-10 11:00:00,2026-04-10 19:15:00,420,90,true,partial,78.00,60.00,2026-04-10 10:55:00,2026-04-10 19:20:00
d74eb73f-0f9c-4540-bb0d-e58656d4a31c,0538b32c-c891-41bd-a82e-b150f09fc50e,2026-03-20 05:00:26.198431,2026-03-20 11:30:26.198431,410,70,true,complete,85.00,89.00,2026-03-20 05:00:26.024441,2026-04-15 17:28:40.237463
dbb788b9-11ca-5c44-a84b-3b6f2a094f26,e1000000-0000-0000-0000-000000000001,2026-03-02 22:35:13.182368,2026-03-03 07:05:13.182368,415,80,true,completed,98.00,100.00,2026-03-18 07:35:13.182368,2026-04-15 17:28:40.237463
dca2968a-ed41-54b3-b34d-d981a793fc0d,e1000000-0000-0000-0000-000000000010,2026-02-25 22:35:13.182368,2026-02-26 07:05:13.182368,412,82,true,completed,96.00,2.50,2026-03-18 07:35:13.182368,2026-03-18 07:35:13.182368
de0138bc-594b-446f-bece-64131313ad77,7655942d-098c-472a-a03d-bb2d96e0450d,2026-04-14 12:10:20.95173,2026-04-14 12:24:01.73953,12,2,false,incomplete,85.00,15.00,2026-04-14 12:09:43.664067,2026-04-15 14:45:18.22083
e0e54386-9a18-44d5-823a-690cd35c7c9b,50289596-773e-4a9c-8f95-d20c29c8b000,2026-04-13 10:00:00,2026-04-13 18:30:00,420,60,true,completed,90.00,35.00,2026-04-13 09:55:00,2026-04-13 18:35:00
e32dd7ee-eb3b-4eed-99ba-658eeef3e1d8,7655942d-098c-472a-a03d-bb2d96e0450d,2026-03-19 06:39:35.092126,2026-03-19 11:19:35.092126,280,40,true,partial,35.00,85.00,2026-03-19 06:39:06.539941,2026-04-15 14:45:18.22083
e3f9f786-812d-5bca-8851-641bcc512bcc,e1000000-0000-0000-0000-000000000003,2026-03-02 22:35:13.182368,2026-03-03 03:35:13.182368,230,50,false,incomplete,38.00,22.00,2026-03-18 07:35:13.182368,2026-03-18 07:35:13.182368
e5b7c9d1-abcd-4cba-9fed-112233445566,1950dcfc-8839-4c50-ab2a-11a6f6c018ff,2026-04-09 09:30:00,2026-04-09 17:00:00,360,60,true,completed,88.00,40.00,2026-04-09 09:25:00,2026-04-09 17:05:00
e9b1535c-4478-5beb-9291-e8f68b3cb0ee,e1000000-0000-0000-0000-000000000001,2026-02-25 22:35:13.182368,2026-02-26 06:35:13.182368,400,70,true,completed,96.00,2.00,2026-03-18 07:35:13.182368,2026-03-18 07:35:13.182368
ea0c6fa4-5857-4573-aa37-fd14c13c24c1,b998b4dd-68f4-43f5-a180-58d21701c028,2026-04-11 10:30:00,2026-04-11 19:00:00,420,75,true,partial,82.00,55.00,2026-04-11 10:25:00,2026-04-11 19:05:00
ef905618-b49e-57cb-b911-6cb5555439cc,e1000000-0000-0000-0000-000000000011,2026-03-14 22:35:13.182368,2026-03-15 06:35:13.182368,395,72,true,completed,88.00,7.00,2026-03-18 07:35:13.182368,2026-03-18 07:35:13.182368
efeccde5-764b-509b-abdd-f90780afcca2,e1000000-0000-0000-0000-000000000004,2026-03-09 22:35:13.182368,2026-03-10 07:05:13.182368,410,80,true,completed,96.00,2.50,2026-03-18 07:35:13.182368,2026-03-18 07:35:13.182368
f5783da6-6e4e-407e-9650-60847a360f63,1950dcfc-8839-4c50-ab2a-11a6f6c018ff,2026-04-14 17:56:53.871931,2026-04-15 14:47:40.25615,400,80,true,completed,100.00,100.00,2026-04-14 17:56:16.21778,2026-04-16 07:31:03.935303
f5d687be-e3af-48f2-9ca4-3963e657b7e6,02d4ffe4-ad2a-4737-b0d7-0d78b07dad50,2026-04-13 09:00:00,2026-04-13 17:30:00,510,60,true,completed,92.00,8.00,2026-04-15 14:26:53.981501,2026-04-15 14:26:53.981501
f6c8d0e2-bcde-4abc-8def-667788990011,1950dcfc-8839-4c50-ab2a-11a6f6c018ff,2026-04-08 10:00:00,2026-04-08 18:30:00,420,75,true,completed,92.00,35.00,2026-04-08 09:55:00,2026-04-08 18:35:00
f7222587-dfe3-4708-bd11-857494e651bc,cbc9bda3-1b7e-4171-b703-d31fcaf7e6c4,2026-04-14 10:00:00,2026-04-14 12:30:00,140,15,false,incomplete,85.00,10.00,2026-04-15 14:26:53.981501,2026-04-15 14:26:53.981501
fb3d7206-8caf-5b87-b7af-8879cc1b9707,e1000000-0000-0000-0000-000000000008,2026-03-10 22:35:13.182368,2026-03-11 07:05:13.182368,405,80,true,completed,91.50,5.00,2026-03-18 07:35:13.182368,2026-03-18 07:35:13.182368
fe27bf2b-42e0-5e4e-b78e-40a6cc997e5b,e1000000-0000-0000-0000-000000000010,2026-03-11 22:35:13.182368,2026-03-12 07:05:13.182368,408,80,true,completed,95.50,2.80,2026-03-18 07:35:13.182368,2026-03-18 07:35:13.182368
fe57bc10-fd21-5b8f-b179-8a93c2380dfb,e1000000-0000-0000-0000-000000000001,2026-03-09 22:35:13.182368,2026-03-10 07:35:13.182368,420,90,true,flagged,62.00,78.50,2026-03-18 07:35:13.182368,2026-03-18 07:35:13.182368